--
-- PostgreSQL database dump
--

-- Dumped from database version 15.2
-- Dumped by pg_dump version 15.2

SET statement_timeout = 0;
SET lock_timeout = 0;
SET idle_in_transaction_session_timeout = 0;
SET client_encoding = 'UTF8';
SET standard_conforming_strings = on;
SELECT pg_catalog.set_config('search_path', '', false);
SET check_function_bodies = false;
SET xmloption = content;
SET client_min_messages = warning;
SET row_security = off;

SET default_tablespace = '';

SET default_table_access_method = heap;

--
-- Name: activity; Type: TABLE; Schema: public; Owner: -
--

CREATE TABLE public.activity (
    id integer NOT NULL,
    delivery_id integer NOT NULL,
    step_id integer NOT NULL,
    executer_id integer NOT NULL,
    week smallint NOT NULL,
    workable_from timestamp(0) without time zone DEFAULT NULL::timestamp without time zone,
    workable_until timestamp(0) without time zone DEFAULT NULL::timestamp without time zone,
    status character varying(10) NOT NULL,
    execution_time timestamp(0) without time zone DEFAULT NULL::timestamp without time zone,
    year smallint NOT NULL,
    qty smallint NOT NULL,
    data json DEFAULT '{}'::json NOT NULL
);


--
-- Name: COLUMN activity.workable_from; Type: COMMENT; Schema: public; Owner: -
--

COMMENT ON COLUMN public.activity.workable_from IS '(DC2Type:datetime_immutable)';


--
-- Name: COLUMN activity.workable_until; Type: COMMENT; Schema: public; Owner: -
--

COMMENT ON COLUMN public.activity.workable_until IS '(DC2Type:datetime_immutable)';


--
-- Name: COLUMN activity.execution_time; Type: COMMENT; Schema: public; Owner: -
--

COMMENT ON COLUMN public.activity.execution_time IS '(DC2Type:datetime_immutable)';


--
-- Name: activity_id_seq; Type: SEQUENCE; Schema: public; Owner: -
--

CREATE SEQUENCE public.activity_id_seq
    START WITH 1
    INCREMENT BY 1
    NO MINVALUE
    NO MAXVALUE
    CACHE 1;


--
-- Name: delivery; Type: TABLE; Schema: public; Owner: -
--

CREATE TABLE public.delivery (
    id integer NOT NULL,
    customer_id integer,
    week_day smallint NOT NULL,
    weeks text NOT NULL,
    delivery_week_day smallint DEFAULT 1 NOT NULL,
    notes character varying(255),
    payment_method character varying(10) DEFAULT NULL::character varying
);


--
-- Name: COLUMN delivery.weeks; Type: COMMENT; Schema: public; Owner: -
--

COMMENT ON COLUMN public.delivery.weeks IS '(DC2Type:simple_array)';


--
-- Name: delivery_id_seq; Type: SEQUENCE; Schema: public; Owner: -
--

CREATE SEQUENCE public.delivery_id_seq
    START WITH 1
    INCREMENT BY 1
    NO MINVALUE
    NO MAXVALUE
    CACHE 1;


--
-- Name: delivery_product; Type: TABLE; Schema: public; Owner: -
--

CREATE TABLE public.delivery_product (
    id integer NOT NULL,
    delivery_id integer NOT NULL,
    product_id integer NOT NULL,
    qty smallint NOT NULL
);


--
-- Name: delivery_product_id_seq; Type: SEQUENCE; Schema: public; Owner: -
--

CREATE SEQUENCE public.delivery_product_id_seq
    START WITH 1
    INCREMENT BY 1
    NO MINVALUE
    NO MAXVALUE
    CACHE 1;


--
-- Name: doctrine_migration_versions; Type: TABLE; Schema: public; Owner: -
--

CREATE TABLE public.doctrine_migration_versions (
    version character varying(191) NOT NULL,
    executed_at timestamp(0) without time zone DEFAULT NULL::timestamp without time zone,
    execution_time integer
);


--
-- Name: horder; Type: TABLE; Schema: public; Owner: -
--

CREATE TABLE public.horder (
    id integer NOT NULL,
    product_id integer NOT NULL,
    status character varying(10) NOT NULL,
    decigrams smallint NOT NULL
);


--
-- Name: horder_id_seq; Type: SEQUENCE; Schema: public; Owner: -
--

CREATE SEQUENCE public.horder_id_seq
    START WITH 1
    INCREMENT BY 1
    NO MINVALUE
    NO MAXVALUE
    CACHE 1;


--
-- Name: log; Type: TABLE; Schema: public; Owner: -
--

CREATE TABLE public.log (
    id integer NOT NULL,
    user_id integer,
    entity_class character varying(255) NOT NULL,
    entity_id integer NOT NULL,
    changes json NOT NULL,
    created_at timestamp(0) without time zone NOT NULL
);


--
-- Name: COLUMN log.created_at; Type: COMMENT; Schema: public; Owner: -
--

COMMENT ON COLUMN public.log.created_at IS '(DC2Type:datetime_immutable)';


--
-- Name: log_id_seq; Type: SEQUENCE; Schema: public; Owner: -
--

CREATE SEQUENCE public.log_id_seq
    START WITH 1
    INCREMENT BY 1
    NO MINVALUE
    NO MAXVALUE
    CACHE 1;


--
-- Name: product; Type: TABLE; Schema: public; Owner: -
--

CREATE TABLE public.product (
    id integer NOT NULL,
    name character varying(100) NOT NULL,
    type character varying(15) NOT NULL,
    decigrams smallint NOT NULL,
    days smallint NOT NULL,
    price integer,
    weight boolean DEFAULT false NOT NULL
);


--
-- Name: product_id_seq; Type: SEQUENCE; Schema: public; Owner: -
--

CREATE SEQUENCE public.product_id_seq
    START WITH 1
    INCREMENT BY 1
    NO MINVALUE
    NO MAXVALUE
    CACHE 1;


--
-- Name: step; Type: TABLE; Schema: public; Owner: -
--

CREATE TABLE public.step (
    id integer NOT NULL,
    product_id integer NOT NULL,
    name character varying(10) NOT NULL,
    minutes smallint NOT NULL,
    sort smallint NOT NULL
);


--
-- Name: step_id_seq; Type: SEQUENCE; Schema: public; Owner: -
--

CREATE SEQUENCE public.step_id_seq
    START WITH 1
    INCREMENT BY 1
    NO MINVALUE
    NO MAXVALUE
    CACHE 1;


--
-- Name: suspension; Type: TABLE; Schema: public; Owner: -
--

CREATE TABLE public.suspension (
    id integer NOT NULL,
    prisoner_id integer NOT NULL,
    start timestamp(0) without time zone DEFAULT NULL::timestamp without time zone,
    stop timestamp(0) without time zone DEFAULT NULL::timestamp without time zone
);


--
-- Name: COLUMN suspension.start; Type: COMMENT; Schema: public; Owner: -
--

COMMENT ON COLUMN public.suspension.start IS '(DC2Type:datetime_immutable)';


--
-- Name: COLUMN suspension.stop; Type: COMMENT; Schema: public; Owner: -
--

COMMENT ON COLUMN public.suspension.stop IS '(DC2Type:datetime_immutable)';


--
-- Name: suspension_id_seq; Type: SEQUENCE; Schema: public; Owner: -
--

CREATE SEQUENCE public.suspension_id_seq
    START WITH 1
    INCREMENT BY 1
    NO MINVALUE
    NO MAXVALUE
    CACHE 1;


--
-- Name: user; Type: TABLE; Schema: public; Owner: -
--

CREATE TABLE public."user" (
    id integer NOT NULL,
    username character varying(180) NOT NULL,
    roles json NOT NULL,
    password character varying(255) NOT NULL,
    status character varying(10) NOT NULL,
    full_name character varying(255) NOT NULL,
    vat_number character varying(15) NOT NULL,
    email character varying(255) NOT NULL,
    address character varying(255) NOT NULL,
    sdi character varying(7) DEFAULT NULL::character varying,
    zone character varying(50) DEFAULT NULL::character varying,
    discount integer DEFAULT 0 NOT NULL,
    sub_zone character varying(50) DEFAULT NULL::character varying
);


--
-- Name: user_id_seq; Type: SEQUENCE; Schema: public; Owner: -
--

CREATE SEQUENCE public.user_id_seq
    START WITH 1
    INCREMENT BY 1
    NO MINVALUE
    NO MAXVALUE
    CACHE 1;


--
-- Data for Name: activity; Type: TABLE DATA; Schema: public; Owner: -
--

COPY public.activity (id, delivery_id, step_id, executer_id, week, workable_from, workable_until, status, execution_time, year, qty, data) FROM stdin;
1	115	51	1	34	\N	2023-08-21 18:00:57	planned	2023-08-21 06:21:20	2023	24	{}
2	85	51	1	34	\N	2023-08-21 18:00:57	planned	2023-08-21 06:21:20	2023	24	{}
3	64	51	1	34	\N	2023-08-21 18:00:57	planned	2023-08-21 06:21:20	2023	24	{}
4	77	51	1	34	\N	2023-08-21 18:00:57	planned	2023-08-21 06:21:20	2023	24	{}
5	76	51	1	34	\N	2023-08-21 18:00:57	planned	2023-08-21 06:21:20	2023	24	{}
6	73	51	1	34	\N	2023-08-21 18:00:57	planned	2023-08-21 06:21:20	2023	24	{}
7	103	51	1	34	\N	2023-08-21 18:00:57	planned	2023-08-21 06:21:20	2023	24	{}
8	31	51	1	34	\N	2023-08-21 18:00:57	planned	2023-08-21 06:21:20	2023	24	{}
9	94	51	1	34	\N	2023-08-21 18:00:57	planned	2023-08-21 06:21:20	2023	24	{}
10	115	51	1	34	\N	2023-08-21 18:00:57	planned	2023-08-21 06:21:26	2023	24	{}
11	85	51	1	34	\N	2023-08-21 18:00:57	planned	2023-08-21 06:21:26	2023	24	{}
12	64	51	1	34	\N	2023-08-21 18:00:57	planned	2023-08-21 06:21:26	2023	24	{}
13	77	51	1	34	\N	2023-08-21 18:00:57	planned	2023-08-21 06:21:26	2023	24	{}
14	76	51	1	34	\N	2023-08-21 18:00:57	planned	2023-08-21 06:21:26	2023	24	{}
15	73	51	1	34	\N	2023-08-21 18:00:57	planned	2023-08-21 06:21:26	2023	24	{}
16	103	51	1	34	\N	2023-08-21 18:00:57	planned	2023-08-21 06:21:26	2023	24	{}
17	31	51	1	34	\N	2023-08-21 18:00:57	planned	2023-08-21 06:21:26	2023	24	{}
18	94	51	1	34	\N	2023-08-21 18:00:57	planned	2023-08-21 06:21:26	2023	24	{}
19	90	12	1	34	\N	2023-08-21 18:00:57	planned	2023-08-21 06:21:34	2023	26	{}
20	115	12	1	34	\N	2023-08-21 18:00:57	planned	2023-08-21 06:21:34	2023	26	{}
21	99	12	1	34	\N	2023-08-21 18:00:57	planned	2023-08-21 06:21:34	2023	26	{}
22	64	12	1	34	\N	2023-08-21 18:00:57	planned	2023-08-21 06:21:34	2023	26	{}
23	52	12	1	34	\N	2023-08-21 18:00:57	planned	2023-08-21 06:21:34	2023	26	{}
24	18	12	1	34	\N	2023-08-21 18:00:57	planned	2023-08-21 06:21:34	2023	26	{}
25	103	12	1	34	\N	2023-08-21 18:00:57	planned	2023-08-21 06:21:34	2023	26	{}
26	31	12	1	34	\N	2023-08-21 18:00:57	planned	2023-08-21 06:21:34	2023	26	{}
27	46	12	1	34	\N	2023-08-21 18:00:57	planned	2023-08-21 06:21:34	2023	26	{}
28	110	12	1	34	\N	2023-08-21 18:00:57	planned	2023-08-21 06:21:34	2023	26	{}
29	105	12	1	34	\N	2023-08-21 18:00:57	planned	2023-08-21 06:21:34	2023	26	{}
30	116	12	1	34	\N	2023-08-21 18:00:57	planned	2023-08-21 06:21:34	2023	26	{}
31	305	59	1	49	\N	2023-11-27 03:00:43	planned	2023-11-26 11:01:51	2023	37	[]
32	336	59	1	49	\N	2023-11-27 03:00:43	planned	2023-11-26 11:01:51	2023	37	[]
33	307	59	1	49	\N	2023-11-27 03:00:43	planned	2023-11-26 11:01:51	2023	37	[]
34	361	59	1	49	\N	2023-11-27 03:00:43	planned	2023-11-26 11:01:51	2023	37	[]
35	196	59	1	49	\N	2023-11-27 03:00:43	planned	2023-11-26 11:01:51	2023	37	[]
36	342	59	1	49	\N	2023-11-27 03:00:43	planned	2023-11-26 11:01:51	2023	37	[]
37	303	59	1	49	\N	2023-11-27 03:00:43	planned	2023-11-26 11:01:51	2023	37	[]
38	357	59	1	49	\N	2023-11-27 03:00:43	planned	2023-11-26 11:01:51	2023	37	[]
39	316	59	1	49	\N	2023-11-27 03:00:43	planned	2023-11-26 11:01:51	2023	37	[]
40	288	59	1	49	\N	2023-11-27 03:00:43	planned	2023-11-26 11:01:51	2023	37	[]
41	328	59	1	49	\N	2023-11-27 03:00:43	planned	2023-11-26 11:01:51	2023	37	[]
42	310	59	1	49	\N	2023-11-27 03:00:43	planned	2023-11-26 11:01:51	2023	37	[]
43	289	59	1	49	\N	2023-11-27 03:00:43	planned	2023-11-26 11:01:51	2023	37	[]
44	285	59	1	49	\N	2023-11-27 03:00:43	planned	2023-11-26 11:01:51	2023	37	[]
45	314	59	1	49	\N	2023-11-27 03:00:43	planned	2023-11-26 11:01:51	2023	37	[]
47	339	59	1	49	\N	2023-11-27 03:00:43	planned	2023-11-26 11:01:51	2023	37	[]
48	349	59	1	49	\N	2023-11-27 03:00:43	planned	2023-11-26 11:01:51	2023	37	[]
49	305	12	1	49	\N	2023-11-27 03:00:43	planned	2023-11-26 11:01:51	2023	20	[]
50	336	12	1	49	\N	2023-11-27 03:00:43	planned	2023-11-26 11:01:51	2023	20	[]
51	324	12	1	49	\N	2023-11-27 03:00:43	planned	2023-11-26 11:01:51	2023	20	[]
52	361	12	1	49	\N	2023-11-27 03:00:43	planned	2023-11-26 11:01:51	2023	20	[]
53	196	12	1	49	\N	2023-11-27 03:00:43	planned	2023-11-26 11:01:51	2023	20	[]
54	309	12	1	49	\N	2023-11-27 03:00:43	planned	2023-11-26 11:01:51	2023	20	[]
55	316	12	1	49	\N	2023-11-27 03:00:43	planned	2023-11-26 11:01:51	2023	20	[]
56	269	12	1	49	\N	2023-11-27 03:00:43	planned	2023-11-26 11:01:51	2023	20	[]
57	289	12	1	49	\N	2023-11-27 03:00:43	planned	2023-11-26 11:01:51	2023	20	[]
58	285	12	1	49	\N	2023-11-27 03:00:43	planned	2023-11-26 11:01:51	2023	20	[]
59	312	12	1	49	\N	2023-11-27 03:00:43	planned	2023-11-26 11:01:51	2023	20	[]
60	190	12	1	49	\N	2023-11-27 03:00:43	planned	2023-11-26 11:01:51	2023	20	[]
61	162	12	1	49	\N	2023-11-27 03:00:43	planned	2023-11-26 11:01:51	2023	20	[]
62	174	12	1	49	\N	2023-11-27 03:00:43	planned	2023-11-26 11:01:51	2023	20	[]
63	349	12	1	49	\N	2023-11-27 03:00:43	planned	2023-11-26 11:01:51	2023	20	[]
64	307	70	1	49	\N	2023-11-27 03:00:43	planned	2023-11-26 11:01:51	2023	14	[]
65	317	70	1	49	\N	2023-11-27 03:00:43	planned	2023-11-26 11:01:51	2023	14	[]
66	357	70	1	49	\N	2023-11-27 03:00:43	planned	2023-11-26 11:01:51	2023	14	[]
67	316	70	1	49	\N	2023-11-27 03:00:43	planned	2023-11-26 11:01:51	2023	14	[]
68	269	70	1	49	\N	2023-11-27 03:00:43	planned	2023-11-26 11:01:51	2023	14	[]
69	310	70	1	49	\N	2023-11-27 03:00:43	planned	2023-11-26 11:01:51	2023	14	[]
70	356	51	1	49	\N	2023-11-27 03:00:43	planned	2023-11-26 11:01:51	2023	28	[]
71	361	51	1	49	\N	2023-11-27 03:00:43	planned	2023-11-26 11:01:51	2023	28	[]
72	317	51	1	49	\N	2023-11-27 03:00:43	planned	2023-11-26 11:01:51	2023	28	[]
73	297	51	1	49	\N	2023-11-27 03:00:43	planned	2023-11-26 11:01:51	2023	28	[]
74	323	51	1	49	\N	2023-11-27 03:00:43	planned	2023-11-26 11:01:51	2023	28	[]
75	357	51	1	49	\N	2023-11-27 03:00:43	planned	2023-11-26 11:01:51	2023	28	[]
76	316	51	1	49	\N	2023-11-27 03:00:43	planned	2023-11-26 11:01:51	2023	28	[]
77	269	51	1	49	\N	2023-11-27 03:00:43	planned	2023-11-26 11:01:51	2023	28	[]
78	289	51	1	49	\N	2023-11-27 03:00:43	planned	2023-11-26 11:01:51	2023	28	[]
79	343	51	1	49	\N	2023-11-27 03:00:43	planned	2023-11-26 11:01:51	2023	28	[]
80	314	51	1	49	\N	2023-11-27 03:00:43	planned	2023-11-26 11:01:51	2023	28	[]
81	190	51	1	49	\N	2023-11-27 03:00:43	planned	2023-11-26 11:01:51	2023	28	[]
82	158	51	1	49	\N	2023-11-27 03:00:43	planned	2023-11-26 11:01:51	2023	28	[]
83	162	51	1	49	\N	2023-11-27 03:00:43	planned	2023-11-26 11:01:51	2023	28	[]
84	174	51	1	49	\N	2023-11-27 03:00:43	planned	2023-11-26 11:01:51	2023	28	[]
85	247	51	1	49	\N	2023-11-27 03:00:43	planned	2023-11-26 11:01:51	2023	28	[]
86	360	51	1	49	\N	2023-11-27 03:00:43	planned	2023-11-26 11:01:51	2023	28	[]
87	305	79	1	49	\N	2023-11-26 11:02:31	planned	2023-11-26 11:02:31	2023	37	[]
88	336	79	1	49	\N	2023-11-26 11:02:31	planned	2023-11-26 11:02:31	2023	37	[]
89	307	79	1	49	\N	2023-11-26 11:02:31	planned	2023-11-26 11:02:31	2023	37	[]
90	361	79	1	49	\N	2023-11-26 11:02:31	planned	2023-11-26 11:02:31	2023	37	[]
91	196	79	1	49	\N	2023-11-26 11:02:31	planned	2023-11-26 11:02:31	2023	37	[]
92	342	79	1	49	\N	2023-11-26 11:02:31	planned	2023-11-26 11:02:31	2023	37	[]
93	303	79	1	49	\N	2023-11-26 11:02:31	planned	2023-11-26 11:02:31	2023	37	[]
94	357	79	1	49	\N	2023-11-26 11:02:31	planned	2023-11-26 11:02:31	2023	37	[]
95	316	79	1	49	\N	2023-11-26 11:02:31	planned	2023-11-26 11:02:31	2023	37	[]
96	288	79	1	49	\N	2023-11-26 11:02:31	planned	2023-11-26 11:02:31	2023	37	[]
97	328	79	1	49	\N	2023-11-26 11:02:31	planned	2023-11-26 11:02:31	2023	37	[]
98	310	79	1	49	\N	2023-11-26 11:02:31	planned	2023-11-26 11:02:31	2023	37	[]
99	289	79	1	49	\N	2023-11-26 11:02:31	planned	2023-11-26 11:02:31	2023	37	[]
100	285	79	1	49	\N	2023-11-26 11:02:31	planned	2023-11-26 11:02:31	2023	37	[]
101	314	79	1	49	\N	2023-11-26 11:02:31	planned	2023-11-26 11:02:31	2023	37	[]
103	339	79	1	49	\N	2023-11-26 11:02:31	planned	2023-11-26 11:02:31	2023	37	[]
104	349	79	1	49	\N	2023-11-26 11:02:31	planned	2023-11-26 11:02:31	2023	37	[]
105	305	26	1	49	\N	2023-11-26 11:02:31	planned	2023-11-26 11:02:31	2023	20	[]
106	336	26	1	49	\N	2023-11-26 11:02:31	planned	2023-11-26 11:02:31	2023	20	[]
107	324	26	1	49	\N	2023-11-26 11:02:31	planned	2023-11-26 11:02:31	2023	20	[]
108	361	26	1	49	\N	2023-11-26 11:02:31	planned	2023-11-26 11:02:31	2023	20	[]
109	196	26	1	49	\N	2023-11-26 11:02:31	planned	2023-11-26 11:02:31	2023	20	[]
110	309	26	1	49	\N	2023-11-26 11:02:32	planned	2023-11-26 11:02:32	2023	20	[]
111	316	26	1	49	\N	2023-11-26 11:02:32	planned	2023-11-26 11:02:32	2023	20	[]
112	269	26	1	49	\N	2023-11-26 11:02:32	planned	2023-11-26 11:02:32	2023	20	[]
113	289	26	1	49	\N	2023-11-26 11:02:32	planned	2023-11-26 11:02:32	2023	20	[]
114	285	26	1	49	\N	2023-11-26 11:02:32	planned	2023-11-26 11:02:32	2023	20	[]
115	312	26	1	49	\N	2023-11-26 11:02:32	planned	2023-11-26 11:02:32	2023	20	[]
116	190	26	1	49	\N	2023-11-26 11:02:32	planned	2023-11-26 11:02:32	2023	20	[]
117	162	26	1	49	\N	2023-11-26 11:02:32	planned	2023-11-26 11:02:32	2023	20	[]
118	174	26	1	49	\N	2023-11-26 11:02:32	planned	2023-11-26 11:02:32	2023	20	[]
119	349	26	1	49	\N	2023-11-26 11:02:32	planned	2023-11-26 11:02:32	2023	20	[]
120	356	52	1	49	\N	2023-11-26 11:02:32	planned	2023-11-26 11:02:32	2023	28	[]
121	361	52	1	49	\N	2023-11-26 11:02:32	planned	2023-11-26 11:02:32	2023	28	[]
122	317	52	1	49	\N	2023-11-26 11:02:32	planned	2023-11-26 11:02:32	2023	28	[]
123	297	52	1	49	\N	2023-11-26 11:02:32	planned	2023-11-26 11:02:32	2023	28	[]
124	323	52	1	49	\N	2023-11-26 11:02:32	planned	2023-11-26 11:02:32	2023	28	[]
125	357	52	1	49	\N	2023-11-26 11:02:32	planned	2023-11-26 11:02:32	2023	28	[]
126	316	52	1	49	\N	2023-11-26 11:02:32	planned	2023-11-26 11:02:32	2023	28	[]
127	269	52	1	49	\N	2023-11-26 11:02:32	planned	2023-11-26 11:02:32	2023	28	[]
128	289	52	1	49	\N	2023-11-26 11:02:32	planned	2023-11-26 11:02:32	2023	28	[]
129	343	52	1	49	\N	2023-11-26 11:02:32	planned	2023-11-26 11:02:32	2023	28	[]
130	314	52	1	49	\N	2023-11-26 11:02:32	planned	2023-11-26 11:02:32	2023	28	[]
131	190	52	1	49	\N	2023-11-26 11:02:32	planned	2023-11-26 11:02:32	2023	28	[]
132	158	52	1	49	\N	2023-11-26 11:02:32	planned	2023-11-26 11:02:32	2023	28	[]
133	162	52	1	49	\N	2023-11-26 11:02:32	planned	2023-11-26 11:02:32	2023	28	[]
134	174	52	1	49	\N	2023-11-26 11:02:32	planned	2023-11-26 11:02:32	2023	28	[]
135	247	52	1	49	\N	2023-11-26 11:02:32	planned	2023-11-26 11:02:32	2023	28	[]
136	360	52	1	49	\N	2023-11-26 11:02:32	planned	2023-11-26 11:02:32	2023	28	[]
137	307	81	1	49	\N	2023-11-26 11:02:32	planned	2023-11-26 11:02:32	2023	14	[]
138	317	81	1	49	\N	2023-11-26 11:02:32	planned	2023-11-26 11:02:32	2023	14	[]
139	357	81	1	49	\N	2023-11-26 11:02:32	planned	2023-11-26 11:02:32	2023	14	[]
140	316	81	1	49	\N	2023-11-26 11:02:32	planned	2023-11-26 11:02:32	2023	14	[]
141	269	81	1	49	\N	2023-11-26 11:02:32	planned	2023-11-26 11:02:32	2023	14	[]
142	310	81	1	49	\N	2023-11-26 11:02:32	planned	2023-11-26 11:02:32	2023	14	[]
\.


--
-- Data for Name: delivery; Type: TABLE DATA; Schema: public; Owner: -
--

COPY public.delivery (id, customer_id, week_day, weeks, delivery_week_day, notes, payment_method) FROM stdin;
73	35	1	29,30,32,33,35,38,40,41,42,43	2		\N
326	84	1	47	3		\N
106	50	1	37,38,39,40,42,44,45,46	2		\N
341	48	1	48	2		\N
308	55	1	48	2		\N
167	30	1	37,38,39,40,42,43,44,45	3	\N	\N
346	76	1	48	3		\N
351	81	1	48	3		\N
331	80	1	48,49	4		\N
356	68	1	51	4		\N
366	9	1	49	1	\N	\N
336	4	1	51	1		\N
371	82	1	49	4		\N
324	50	1	47,48,49,50,51,52,53\n	2		\N
307	47	1	48,49,50,51,52,53	2		\N
361	54	1	49,50,51,52,53	4		\N
305	53	1	47,50,51,52,53	2		\N
376	97	1	50,51,52,53	4		\N
381	85	1	50,51,52,53	3		\N
317	30	1	48,49,50,51,52,53	3	\N	\N
124	51	1	33	2		\N
61	3	1	28	1		monthly
62	3	1	27	1		monthly
3	3	1	25,26	1	\N	\N
41	35	1	27,28	3		\N
31	30	1	25,26,27,28,29,31,33,35,36	3	\N	\N
21	20	1	25,26,27,28,29,30	1	\N	\N
77	47	1	29,30,31,32,33	2		\N
40	3	1	30,31,32,33,34	1		monthly
108	6	1	32,35	1		\N
8	6	1	36	1	\N	\N
91	20	1	31,36,37,39,40	1	\N	\N
98	20	1	32,33,34,35,43,44,45,46	3	\N	\N
28	31	1	26,27,28,29,30,31,32,33,34,35,37,38	3	\N	\N
55	9	1	28	1	\N	\N
11	9	1	26,27	1	\N	\N
70	23	1	31,38	1		monthly
115	54	1	33,34,35	4		\N
6	4	1	27,29,31	1	odd girasole	\N
65	24	1	29,30,33,35,37	3	\N	\N
17	14	1	29	4	dopo le ferie	\N
76	28	1	31,32,34	3	\N	\N
19	18	1	26,27,29	1	\N	\N
23	23	1	26,27	1		\N
32	33	1	26,27,28,29,30	1	12 samples + 4 gir-pis-san	\N
75	29	1	30	3	\N	\N
215	78	2	42	2		\N
179	66	1	40,41	2		\N
296	79	1	46	2		\N
302	72	1	46,47	2		\N
332	18	1	48	1	\N	\N
210	58	1	41,43,45,48	2		\N
325	6	1	50,52	1		\N
235	4	1	42,44,46,48	1		\N
236	4	1	41,43,45,47	1		\N
231	20	1	41,42	3	\N	\N
337	4	1	50,52	1		\N
238	13	1	43,44,45,46,47,48	1	\N	\N
347	84	1	48	3		\N
301	90	1	46,49	3		\N
119	30	1	32	3	\N	\N
105	50	1	32,33	2		\N
212	51	1	40	2		\N
83	30	1	30	3	\N	\N
322	20	1	47	3	\N	\N
56	6	1	27,28,29,30,31,33,34,37,38,39,40,42,43,44,46,47,49,51	1		\N
306	46	1	47	2		\N
250	14	1	44	1	\N	\N
207	37	1	41,43	3		\N
239	81	1	42	3		\N
204	76	1	42,44,45,46	3		\N
192	74	1	40	3		\N
243	82	1	42,43	4		\N
200	26	1	41	3	\N	\N
144	62	1	38	4		\N
195	56	1	40	4		\N
85	34	1	31,32,33,34,35	3	\N	\N
101	26	1	33	3	\N	\N
216	53	1	41	2		\N
103	33	1	33,34,35	1	12 samples + 4 gir-pis-san	\N
38	23	1	29,30,37	1		monthly
111	39	1	32,36	3		\N
46	38	1	28,29,30,31,32,34,35,36,37,38,39	3		\N
12	10	1	26,28,30,32,34,36,38,40,42,44	1	\N	\N
35	25	1	27,29,30,32,35,37,38	3	\N	\N
95	24	1	31,34,39,41,43	3	\N	\N
64	27	1	30,32,34,36,38,44	3	\N	\N
110	53	1	32,34,36,38,40	2		\N
1	2	1	28,29,30,31,32,33,35,36,37,38,39,42,43,44,45,46,47,48,49,50,51,52,53	2		\N
22	21	1	27,29,33,35,37,39,41,45,47,49,51,53	1	\N	\N
104	18	1	33,34,36,39,40,42,44,46	1	\N	\N
131	26	1	36	3	\N	\N
298	34	1	46	3	\N	\N
300	8	1	46	2	\N	\N
271	88	1	44	3		\N
303	42	1	47,48,49,50,51,52,53	2		\N
74	14	1	30	1	\N	\N
25	26	1	26,28,29,30	3	\N	\N
352	96	1	48	3		\N
166	68	1	38,40,42,44,46	4		\N
367	73	1	49	4		\N
327	88	1	47,49	3		\N
377	26	1	50	3	\N	\N
342	55	1	47,50,51,52,53	2		\N
323	46	1	48,49,50,51,52,53	2		\N
320	3	1	47,48,49,50,51,52,53	1		\N
232	7	1	42,43,44,47,48,49,50,52,53	3	\N	\N
357	28	1	49,50,51,52,53	3	\N	\N
297	34	1	50,51,52,53\n	3	\N	\N
372	62	1	50,51,52,53	4		\N
382	70	1	50,51,52,53	4		\N
196	72	1	40,41,42,43,45,48,50,51,52,53	2		\N
309	16	1	47,48,49,50,51,52,53	1	\N	\N
314	76	1	47,49,50,51,52,53	3		\N
311	82	1	46	4		\N
158	52	1	37,38,41,42,43,47,48,49	2		\N
312	57	1	50,51,52,53	4		\N
292	57	1	46	4		\N
319	92	1	47	4		\N
313	7	1	46	3	\N	\N
315	91	1	46	4		\N
295	85	1	46	3		\N
262	87	1	45	4		\N
289	84	1	46,50,51,52,53	3		\N
318	69	1	47,49,51,53	4		\N
278	89	1	44	5		\N
328	87	1	47	4		\N
378	26	1	51,52,53	3	\N	\N
310	79	1	47,48,49,50,51,52,53	2		\N
181	60	1	39	2		\N
220	3	1	40	1	\N	\N
221	3	1	41	1	\N	\N
126	47	1	34,35,36,37,38,39	2		\N
333	86	1	48	3		\N
338	4	1	49	1		\N
285	14	1	48,49,50,51,52,53	2	\N	\N
37	9	1	29,30,31,32,33,36,38,39,40,42,44,45,46,47,48,50,51,52,53	1	\N	\N
348	57	1	48	4		\N
353	82	1	48,50,51,52,53	4		\N
358	91	1	48	4		\N
226	46	1	43	2		\N
288	37	1	45,47	3		\N
383	65	1	51,52,53	4		\N
213	47	1	40,41,42,43,44,45	2		\N
368	26	1	49	3	\N	\N
121	26	1	34	3	\N	\N
122	25	1	34	3	\N	\N
125	39	1	35	3		\N
129	53	1	35	2		\N
97	12	1	33,35,37,39,41,43,45,47	2	\N	\N
205	76	1	40	3		\N
316	85	1	47,48,49	3		\N
130	17	1	35	2		\N
162	65	1	37,41,43,47,49	4		\N
269	86	1	44,46,47,49,50,51,52,53	3		\N
343	66	1	49,50,51,52,53	2		\N
373	87	1	49,51,53	4		\N
183	72	1	39	1		\N
69	32	1	31,32,33,34,35,36	3	\N	\N
102	37	1	32,34,36	3		\N
67	44	1	29	3		\N
29	29	1	26,27	3	\N	\N
24	25	1	26,36	3	\N	\N
218	33	1	42,43	1	aggiornata il 4 ottobre aggiunta bietola girasole pisello	\N
253	26	1	43	3	\N	\N
257	81	1	43	3		\N
258	76	1	43	3		\N
261	87	1	43	4		\N
263	65	1	45	4		\N
254	84	1	43	3		\N
265	72	1	44	2		\N
266	48	1	44	2		\N
267	66	1	44	2		\N
260	86	1	43	3		\N
18	16	1	26,27,28,29,30,31,32,33,35,36,37,38,40,41,42,43,44,45,46	1	\N	\N
71	34	1	30	3	\N	\N
20	19	1	27,28	1	\N	\N
44	36	1	28	3		\N
27	28	1	26,27,28,30	3	\N	\N
14	13	1	27,28	1	\N	\N
34	24	1	26,27	3	\N	\N
42	29	1	28	3	\N	\N
57	41	3	27	3		\N
26	27	1	26	3	\N	\N
286	73	1	45	4		\N
287	26	1	45	3	\N	\N
270	84	1	44,45	3		\N
290	69	1	45	4		\N
5	4	1	26,28,30	1	even porro	\N
99	14	1	32,33,34,35,36,37,39,40,41,42,43	1	\N	\N
92	18	1	31	1	\N	\N
59	42	1	36	2		\N
93	49	1	31	2		\N
94	29	1	31,32	3	\N	\N
90	4	1	32,36,38	1	even porro	\N
2	12	1	27,29,31	2	\N	\N
49	26	1	31	3	\N	\N
100	26	1	32	3	\N	\N
81	33	1	31,32	1	12 samples + 4 gir-pis-san	\N
72	18	1	30	1	\N	\N
112	11	1	33,34,35,36,37,38,39,40,41,42,44	1	\N	\N
109	52	1	32	2		\N
89	4	1	33,35,37	1	odd girasole	\N
78	37	1	30	3		\N
114	8	1	22,34	1	\N	\N
54	29	1	29,33,34	3	\N	\N
13	11	1	26,27,28,29,30,31,32	1	\N	\N
10	8	1	32	1	\N	\N
15	14	1	26,31	1	\N	\N
9	7	1	27,28,29,30,32,33	1	\N	\N
39	23	1	28,32,35,36,39	2		monthly
82	25	1	31,33	3	\N	\N
249	9	1	43	1	\N	\N
197	9	1	41	1	\N	\N
248	21	1	43	1	\N	\N
203	62	1	40,43	4		\N
147	57	1	39	4		\N
172	26	1	38	3	\N	\N
201	26	1	40	3	\N	\N
219	57	1	41	4		\N
209	60	1	41	2		\N
116	55	1	33,34,35,36,37,39,40,41,42,43,44,45,46	2		\N
214	77	6	43	6		\N
208	56	1	42	4		\N
193	75	4	40,41,42	4		\N
190	67	1	40,41,42,44,45,46,47,48,49,50,51,52,53	4		\N
245	67	1	43	4		\N
246	8	1	43	1	\N	\N
191	73	1	40	4		\N
152	42	1	37,38,39,40,41,42,43,44,45,46	2		\N
299	6	1	45	1		\N
304	35	1	45	2		\N
202	57	1	42	4		\N
174	63	1	37,38,39,40,41,42,43,44,45,46,47,48,49,50,51,52,53	4		\N
175	31	1	39,40,41,42,44,50,51,52,53	3	\N	\N
251	79	1	45	2		\N
233	34	1	42,43	3	\N	\N
237	53	1	42,43,45,46	2		\N
30	32	1	26,27,28,29	3	\N	\N
68	32	1	30	3	\N	\N
43	19	1	29,30	1	\N	\N
36	34	1	27,28,29	3	\N	\N
47	39	1	28	3		\N
53	24	1	28,40	3	\N	\N
51	13	1	29,30	1	\N	\N
66	43	1	31	1		\N
45	37	1	28	3		\N
7	5	1	26,27,28,29,30,31	1	\N	\N
50	40	1	29,30	2		\N
60	39	1	29,30,31	3		\N
52	13	1	32,33,34,35,36,37,38,39,40,41,42	1	\N	\N
86	48	1	31,33,34,36,39,41	2		\N
87	8	1	31	1	\N	\N
256	57	1	43	4		\N
273	57	1	44	4		\N
275	26	1	44	3	\N	\N
276	81	1	44	3		\N
280	69	1	44	4		\N
252	83	1	44,45	2		\N
272	34	1	44,45	3	\N	\N
264	80	1	44	4		\N
291	57	1	45	4		\N
281	83	1	41	2		\N
268	82	1	44	4		\N
293	82	1	45	4		\N
255	85	1	44,45	3		\N
88	8	1	30	1	\N	\N
277	73	1	44,47	4		\N
329	66	1	48	2		\N
79	40	1	32,34,36,38,40,48,50,52	2		\N
334	28	1	48	3	\N	\N
222	66	1	42,43,45,46,47	2		\N
344	94	1	48	4		\N
349	20	1	48,49,50,51,52,53	3	\N	\N
354	7	1	51	3	\N	\N
283	56	1	44,46,48	4		\N
364	68	1	49	2		\N
369	84	1	49	3		\N
279	62	1	44,45,46,47	4		\N
374	92	1	49	4		\N
242	26	1	42,48	3	\N	\N
107	51	1	31,37	2		\N
379	94	1	49,50,51,52,53	4		\N
339	13	1	49,50,51,52,53	1	\N	\N
359	56	1	49,50,51,52,53	4		\N
247	73	1	50,51,52,53	4		\N
284	5	1	45,46,47,48,50,51,52,53	1	\N	\N
282	10	1	47,51,53	1	\N	\N
80	46	1	29	2		\N
234	80	1	42,45	4		\N
330	57	1	47	4		\N
335	6	1	48	1		\N
217	46	1	40,45	2		\N
345	11	1	49	1	\N	\N
350	95	1	48	3		\N
355	97	1	48	4		\N
118	28	1	33,36,37,38,39,40,47	3	\N	\N
340	93	1	48	4		\N
176	70	1	38,39,40,41,42,43,44,45,46,47,48	4		\N
146	54	1	36,40,41,47,48	4		\N
365	37	1	49	3		\N
375	97	1	49	4		\N
380	92	1	51	4		\N
360	70	1	49	4		\N
138	59	0	12,14,16,18,20,22,24,26,28,30,32,34,36,38,40,42,44,46,48,50,52	6	test full	\N
156	50	1	36	2		\N
157	35	1	36	2		\N
370	52	1	50,51,52,53	2		\N
241	74	1	42,43,44,45,46,47,48,49,50,51,52,53	3		\N
206	46	1	39	2		\N
128	3	1	35,36,37,38,39	1		monthly
187	6	1	41	1	\N	\N
225	46	1	42	2		\N
229	3	1	42	1		\N
230	30	1	41	3	\N	\N
137	51	1	35,43	2		\N
321	51	1	47	2		\N
228	3	1	43,44,45,46	1		\N
63	27	1	29,31,33,35,37,43	3	\N	\N
113	5	1	33,34,35,36,37,38,39,40,41	1	\N	\N
132	29	1	35	3	\N	\N
133	57	1	35	4		\N
135	52	1	36	2		\N
159	64	1	37	4		\N
141	60	1	36	4		\N
143	62	1	36	4		\N
145	57	1	36	4		\N
149	33	1	38,39,40,41	1	12 samples + 4 gir-pis-san	\N
240	73	1	42	4		\N
123	56	1	34,37	4		\N
148	63	1	36	4		\N
184	65	1	39	4		\N
127	33	1	36,37	1	12 samples + 4 gir-pis-san	\N
194	69	1	40	4		\N
151	17	1	38	2		\N
153	32	1	37	3	\N	\N
199	57	1	40	4		\N
154	9	1	37	1	\N	\N
155	53	1	37	2		\N
185	23	1	40	1		monthly
160	8	1	38	1	\N	\N
161	54	1	37	4		\N
150	34	1	37	3	\N	\N
186	23	1	41	1		monthly
163	57	1	37	4		\N
134	58	1	36,37	2		\N
244	75	1	43	4		\N
169	37	1	38	3		\N
120	26	1	35	3	\N	\N
173	57	1	38	4		\N
177	53	1	39	2		\N
168	34	1	38,39,40,41	3	\N	\N
164	66	1	38	2		\N
178	66	1	39	2		\N
136	29	1	37,38	3	\N	\N
188	62	1	39	4		\N
180	29	1	39	3	\N	\N
170	69	1	38	4		\N
189	26	1	39	3	\N	\N
165	67	1	37,38,39	4		\N
223	69	1	41,42	4		\N
182	71	1	39	4		\N
198	23	1	42	2		monthly
117	7	1	34,35,36,37,38,39,40,41	1	\N	\N
140	34	1	36	3	\N	\N
224	79	1	43	4		\N
\.


--
-- Data for Name: delivery_product; Type: TABLE DATA; Schema: public; Owner: -
--

COPY public.delivery_product (id, delivery_id, product_id, qty) FROM stdin;
1512	121	24	2
1513	121	13	5
1514	121	9	5
1521	78	6	2
1522	78	3	2
1542	124	6	5
1543	124	7	5
1544	124	5	1
747	19	1	1
748	19	6	1
749	19	8	1
750	19	11	1
751	19	10	1
752	19	12	1
880	67	14	2
890	25	9	6
2098	134	14	5
911	50	3	2
912	50	8	2
913	50	6	2
914	50	2	2
1545	124	8	3
2779	225	3	7
1546	124	12	3
2780	225	12	3
2797	221	6	4
2798	221	1	4
1547	124	9	1
2799	221	8	4
2800	221	23	2
2801	221	17	2
1548	124	1	1
1549	124	3	2
1569	125	14	3
1570	125	9	1
1571	125	17	1
1572	125	3	1
305	11	1	4
306	11	6	3
307	11	10	2
1573	125	1	1
1574	125	8	1
1575	125	11	1
1576	125	10	1
1577	125	7	1
1593	77	9	4
1594	77	10	2
1595	77	6	4
1596	77	2	3
1597	77	5	2
1373	9	1	1
1374	9	6	1
1135	2	1	2
1136	2	10	2
1137	2	11	2
1375	9	8	1
1598	77	7	2
1599	77	12	4
3296	260	14	1
1611	103	2	12
1612	103	3	12
1613	103	1	16
1159	49	9	6
1614	103	4	2
3297	260	15	1
471	34	2	1
4260	334	15	1
4261	334	14	3
1615	103	5	2
1616	103	6	21
1617	103	7	3
1618	103	8	16
3298	260	10	1
4262	334	8	1
4263	334	11	1
3299	260	8	1
1160	49	13	2
4264	334	12	1
3300	260	16	1
1619	103	9	12
472	34	3	1
473	34	8	1
474	34	11	1
1620	103	10	12
1621	103	11	7
1622	103	12	7
103	17	6	1
104	17	8	1
105	17	10	1
1623	103	13	2
1624	103	16	2
1625	103	17	2
1626	103	22	2
1627	103	23	2
475	34	9	1
476	34	10	1
1628	103	24	2
3301	260	12	1
3302	260	24	1
3303	260	22	2
4265	334	4	1
4266	334	31	1
4267	334	33	1
4291	337	6	1
4292	337	9	1
4293	337	3	1
4294	337	1	1
4325	106	10	1
4326	106	2	1
4327	106	3	1
4328	106	11	1
4350	222	12	1
3434	208	1	1
596	61	2	4
597	61	6	4
598	61	11	3
599	61	1	3
600	61	13	2
606	26	3	2
607	26	6	2
608	26	1	1
609	26	8	2
610	26	10	1
611	26	11	1
612	26	12	1
3435	208	6	1
3436	208	8	1
3437	208	12	1
4351	222	3	1
4352	222	6	1
4353	222	16	1
3438	208	3	1
3439	208	9	1
3459	272	15	1
3460	272	14	1
2214	173	3	2
2215	173	13	4
2216	173	5	4
2217	173	2	6
2218	173	24	2
1844	85	12	3
1022	5	3	1
1023	5	6	1
1024	5	7	1
1025	5	8	1
1845	85	14	3
1846	85	8	3
1847	85	15	3
698	30	2	2
699	30	4	2
700	30	12	2
704	68	2	2
705	68	1	2
706	68	16	1
710	43	1	1
711	43	6	1
712	43	12	2
719	36	15	1
720	36	14	1
721	36	8	2
1267	8	3	2
1268	8	1	2
1269	8	6	2
1270	8	7	2
1271	8	4	2
1272	8	12	1
2430	197	1	4
2431	197	6	3
1320	13	3	1
2432	197	10	7
2467	172	24	4
2468	172	13	4
4159	302	3	1
342	3	5	2
343	3	1	3
344	3	6	6
345	3	8	4
401	44	2	1
402	44	1	1
403	44	3	1
404	44	4	1
1321	13	6	2
1322	13	7	1
1323	13	8	1
2501	194	10	1
2502	194	23	1
2521	86	10	1
2522	86	6	1
601	62	2	4
602	62	6	4
603	62	11	3
604	62	1	3
405	44	6	1
406	44	7	1
407	44	8	1
408	44	12	1
409	44	11	1
410	44	10	1
2523	86	8	1
1338	10	2	1
768	41	1	2
769	41	12	2
770	41	6	2
771	41	11	2
772	41	5	2
773	41	3	2
2524	86	1	1
2543	209	6	4
1339	10	3	1
1340	10	1	1
4160	302	8	2
891	45	6	2
892	45	8	2
893	45	2	2
894	45	12	1
895	45	9	1
605	62	13	0
1341	10	6	1
1342	10	8	1
2603	126	9	4
2604	126	10	2
2605	126	6	4
2606	126	5	2
1365	15	6	2
1366	15	8	2
1367	15	10	2
395	20	1	2
396	20	6	2
397	20	12	2
4161	302	16	1
915	80	1	4
916	80	3	4
917	80	12	4
2607	126	3	2
2639	215	6	20
2640	215	1	10
2653	149	2	10
2654	149	3	10
456	14	2	2
457	14	3	2
458	14	1	2
459	14	6	2
460	14	8	2
2655	149	1	10
2656	149	4	2
2657	149	5	4
2658	149	6	12
2659	149	7	1
2660	149	8	12
2661	149	9	10
2662	149	10	10
2663	149	11	8
2664	149	12	7
3260	267	12	2
976	83	2	2
977	83	9	2
978	83	12	2
3261	267	3	2
2186	90	3	1
2187	90	6	1
2188	90	2	1
3262	267	6	2
3263	267	16	2
3702	217	1	4
3703	217	12	4
2189	90	1	1
3719	303	5	1
2219	174	1	1
2220	174	3	1
2221	174	4	1
507	55	1	5
508	55	6	4
509	55	10	4
2222	174	8	1
2223	174	12	1
3720	303	7	1
3721	303	6	1
1861	24	14	40
3722	303	16	1
517	23	2	2
518	23	3	2
519	23	6	2
520	23	8	2
521	23	9	2
522	23	12	2
1014	87	2	1
1015	87	3	1
1016	87	1	1
1026	6	3	1
1027	6	1	1
1028	6	6	1
1879	115	9	2
1880	115	10	2
1881	115	1	2
1882	115	6	3
1883	115	2	2
1884	115	3	2
1885	115	12	2
815	51	9	2
816	51	3	2
817	51	5	2
818	51	6	2
1029	6	8	1
677	42	2	2
678	42	3	1
679	42	15	2
680	42	14	2
681	42	8	2
682	42	9	1
683	42	10	2
684	42	12	2
685	42	7	1
819	51	4	2
559	57	2	1
560	57	1	1
561	57	3	1
562	57	4	1
563	57	5	1
564	57	6	1
565	57	7	1
566	57	8	1
567	57	9	1
568	57	10	1
569	57	11	1
570	57	12	1
571	57	13	1
686	42	11	1
690	29	2	1
691	29	3	1
692	29	15	1
693	29	14	1
694	29	8	1
695	29	9	1
696	29	10	1
697	29	12	1
823	74	6	3
1908	123	1	2
1909	123	6	2
824	74	8	3
825	74	10	3
1038	21	4	2
1039	21	6	2
1040	21	8	2
1041	21	11	2
836	75	1	2
837	75	6	2
838	75	8	3
839	75	12	2
840	75	11	3
4224	332	1	1
1109	93	1	6
1110	93	6	4
847	27	2	1
848	27	3	2
849	27	1	2
850	27	6	2
851	27	7	1
852	27	8	2
853	27	9	1
854	27	10	2
855	27	11	1
856	27	12	1
857	27	4	1
1333	7	2	1
1334	7	6	1
1335	7	7	1
1516	122	14	60
4225	332	6	1
4226	332	8	1
4227	332	11	1
4228	332	10	1
918	32	2	12
1111	93	8	3
1112	93	9	6
3338	256	5	4
3339	256	3	4
3340	256	24	4
2503	199	5	5
2504	199	3	2
2505	199	24	3
2506	199	13	2
2507	199	2	2
3373	275	24	2
4229	332	16	1
919	32	3	12
920	32	1	16
921	32	4	4
922	32	5	4
923	32	6	16
924	32	7	4
925	32	8	16
926	32	9	12
927	32	10	12
928	32	11	7
929	32	12	7
930	32	13	2
931	32	16	2
2190	89	3	1
2191	89	12	1
2192	89	6	1
2193	89	10	1
984	71	12	3
985	71	14	3
986	71	8	3
2205	120	24	4
2206	120	13	6
1017	88	2	2
1018	88	3	1
1019	88	1	1
1020	88	6	2
1021	88	8	1
4329	324	10	1
4330	324	2	1
4331	324	3	1
2224	28	15	4
2225	28	14	4
2641	110	6	3
2642	110	5	3
1053	92	1	1
1054	92	6	2
1055	92	8	1
1056	92	11	1
1057	92	10	1
1058	92	17	1
2643	110	1	2
3461	272	8	1
3462	272	12	1
2644	110	3	1
2645	110	7	1
2665	149	13	4
2666	149	16	3
1161	100	13	5
2265	164	6	3
2266	164	8	2
1168	81	2	12
1169	81	3	12
1170	81	1	16
1171	81	4	2
1172	81	5	2
1173	81	6	21
1174	81	7	3
1175	81	8	16
1176	81	9	12
1177	81	10	12
1178	81	11	7
1179	81	12	7
1180	81	13	2
1181	81	16	2
1198	72	1	2
1199	72	6	2
1200	72	8	1
1201	72	11	1
1202	72	10	1
2267	164	16	2
2268	164	23	1
2667	149	17	2
2668	149	22	2
2285	181	6	2
2286	181	8	2
2287	181	11	1
3503	104	1	1
3504	104	6	1
3505	104	8	1
3506	104	11	1
2295	159	24	1
2296	159	15	1
2297	159	14	1
2298	159	8	1
2299	159	10	1
2300	159	11	1
2307	184	12	2
2308	184	8	2
2309	184	2	2
2310	184	14	2
2311	184	3	2
3507	104	16	1
3508	104	22	1
1263	108	6	2
1264	108	7	1
1265	108	1	2
1266	108	8	1
1279	109	1	1
1280	109	6	1
1281	109	3	1
1282	109	8	1
1283	109	10	1
1284	109	12	1
1830	111	14	20
1842	138	4	1
1852	141	6	2
1853	141	1	1
1854	141	8	1
1855	141	11	1
1856	141	12	1
1857	141	3	1
1858	141	10	1
2312	184	9	2
3509	104	24	1
3510	104	12	1
1312	60	14	20
1902	47	14	10
1427	119	2	2
1428	119	9	2
1429	119	12	2
1430	119	10	2
1910	123	8	1
1911	123	12	1
1918	148	1	2
1919	148	3	2
1920	148	4	1
1921	148	8	2
1922	148	12	2
3240	265	3	2
3241	265	8	2
1437	101	9	4
1438	101	13	5
3242	265	16	2
3655	251	16	8
3656	251	6	8
1796	94	15	3
1797	94	14	3
1798	94	8	3
3657	251	1	8
1799	94	12	2
1800	94	11	3
1816	59	2	1
1817	59	7	1
1818	59	4	1
1819	59	3	1
1831	102	6	3
1832	102	8	3
2471	201	24	2
2490	205	14	3
2491	205	15	1
2492	205	12	1
2493	205	3	2
2508	206	24	1
1866	143	14	2
1867	143	15	2
1868	143	12	1
1874	145	3	2
1875	145	10	2
1876	145	5	2
4164	277	14	3
4165	277	12	2
2509	206	22	1
2168	107	6	5
2169	107	8	3
2170	107	11	1
2171	107	3	1
2172	107	1	1
2173	107	9	1
1877	145	2	5
1878	145	24	2
3658	251	10	8
3659	251	8	8
2174	107	10	1
2175	107	12	1
2176	107	2	1
2510	206	13	1
2511	206	3	1
2194	169	6	3
2195	169	8	3
1912	70	10	4
1913	70	3	4
1914	70	6	4
1915	70	8	4
1916	70	9	4
1917	70	12	4
2196	169	16	1
2529	168	15	1
1926	127	2	12
1927	127	3	12
1928	127	1	12
1929	127	4	2
1930	127	5	4
1504	66	1	1
1505	66	3	1
1506	66	6	1
1507	66	12	1
1508	66	3	1
1509	66	10	1
1510	66	2	1
1511	66	9	1
1931	127	6	12
1932	127	7	3
1933	127	8	14
1934	127	9	12
1935	127	10	12
1936	127	11	7
1937	127	12	7
1938	127	13	6
1939	127	16	2
1940	127	17	2
1941	127	22	2
1942	127	23	2
2530	168	14	2
3660	251	9	8
3661	251	24	8
3662	251	22	8
1647	40	2	3
1648	40	6	3
1649	40	11	2
1650	40	1	3
1651	40	13	2
1652	40	17	3
1653	40	16	2
1654	40	22	3
1662	129	6	3
1663	129	5	3
1664	129	1	2
1665	129	3	1
1666	129	7	1
1667	129	4	2
3341	273	5	5
3342	273	3	5
1683	105	10	1
1684	105	2	2
1685	105	3	1
1686	105	13	1
1687	105	22	1
1688	105	8	1
1689	105	11	1
1696	130	16	1
1697	130	8	1
1698	130	1	1
1699	130	6	1
1943	127	24	2
1715	131	24	4
1716	131	13	6
1721	54	15	3
1722	54	14	3
1723	54	8	3
1724	54	12	2
1725	54	7	2
1726	54	11	3
1727	132	15	4
1728	132	14	5
1729	132	8	3
1730	132	12	3
1731	132	7	2
1732	132	11	3
1970	151	16	1
1736	133	3	5
1737	133	10	5
1738	133	5	1
1739	133	9	4
1741	38	10	3
1742	38	3	3
1743	38	6	3
1744	38	8	3
1745	38	9	3
1746	38	12	3
1747	135	1	1
1748	135	6	1
1749	135	12	1
1750	135	8	1
1751	76	2	1
1752	76	15	2
1753	76	14	5
1754	76	8	2
1755	76	9	1
1756	76	10	2
1757	76	11	1
1758	76	12	1
1759	76	4	1
1971	151	8	1
1972	151	1	2
1973	151	6	2
1974	151	11	1
1975	151	24	1
1976	151	10	1
1977	151	3	1
1989	153	2	2
1990	153	15	2
1991	153	16	1
1995	154	1	4
1996	154	6	3
1997	154	10	8
1998	155	6	2
1999	155	1	1
2000	155	3	1
2001	155	7	1
2002	156	8	1
2003	156	2	2
2004	156	3	1
2005	156	22	1
4199	330	5	6
3243	137	6	5
3244	137	12	1
3245	137	3	1
3246	137	10	1
3247	137	7	1
2016	157	1	6
2017	157	12	4
2018	157	6	6
2019	157	11	2
2020	157	5	2
3248	137	8	1
4200	330	3	6
4201	330	10	6
4202	330	1	6
4203	330	29	2
4204	330	2	2
3685	300	9	1
3686	300	11	1
3687	300	24	1
4274	325	6	2
4275	325	27	1
4299	338	6	1
4300	338	16	1
4301	338	3	1
3723	73	1	2
3343	273	10	4
3724	73	12	2
2041	69	2	2
2042	69	15	2
2043	69	16	2
2044	114	2	1
2045	114	6	1
2046	114	1	1
2047	114	8	1
2048	160	3	1
2049	160	6	1
2050	160	1	1
2051	160	8	1
2052	82	14	30
2053	35	14	20
3725	73	6	2
3387	112	6	5
3408	252	2	4
3409	252	3	8
3410	252	1	8
3411	252	6	8
3412	252	8	8
3413	252	9	8
3414	252	10	8
3415	252	16	4
3416	252	12	4
3417	252	24	4
4302	338	2	1
3463	113	10	1
3464	113	6	1
3483	216	6	2
3484	216	5	2
3485	216	1	2
2072	161	15	5
2073	161	14	5
2074	150	15	2
2075	150	14	3
2076	150	8	2
2077	150	12	1
2078	65	8	1
2079	65	11	1
2080	65	14	1
2081	65	10	1
3486	216	3	2
2494	53	8	1
3487	216	8	2
2531	168	8	1
2532	168	12	1
3726	73	11	2
4303	338	7	1
4332	324	11	1
3520	175	15	2
3521	175	14	2
2093	163	3	2
2094	163	13	4
2095	163	5	4
2096	163	2	7
2097	163	24	2
4333	324	17	1
2142	31	2	4
2143	31	3	1
2144	31	4	1
2145	31	15	1
2146	31	7	1
2147	31	8	1
2148	31	9	2
2149	31	10	2
2150	31	11	1
2151	31	12	2
4354	343	12	1
4355	343	30	1
4356	343	6	1
4357	343	23	1
2241	177	6	2
2242	177	5	1
2243	177	1	1
2244	177	7	1
4386	301	9	1
4387	301	10	1
4388	301	15	1
4389	301	14	1
4390	301	8	1
4391	301	12	1
4392	301	3	1
4393	301	22	1
4408	349	16	4
4409	349	3	1
4410	349	8	4
2269	178	6	1
2270	178	16	1
2273	136	1	2
2274	136	6	2
2275	136	8	3
2276	136	12	1
2277	136	11	2
4411	349	11	6
2293	183	3	4
2294	183	12	2
2322	185	3	2
2323	185	6	2
2324	185	8	2
2325	185	9	2
2326	185	12	4
2327	186	3	3
2328	186	6	3
2329	186	8	3
2330	186	9	3
2331	186	12	6
2342	188	15	4
2343	188	14	4
2352	180	1	3
2353	180	6	3
2354	180	12	2
2355	180	11	2
2356	46	6	2
2357	46	3	1
2358	46	8	2
2359	46	1	2
2360	46	12	1
2363	189	24	2
2364	189	13	2
2365	165	3	1
2366	165	12	1
2367	165	8	1
2368	165	2	1
2669	149	23	3
2670	149	24	2
2711	219	5	3
2712	219	3	3
2713	219	24	3
2714	219	2	3
2723	179	6	2
2724	179	16	2
2727	1	1	1
2728	1	6	3
2729	1	8	1
2730	1	9	1
3671	233	15	1
2792	229	6	3
2381	128	2	3
2382	128	6	3
2383	128	1	3
2384	128	13	2
2385	128	17	3
2386	128	22	3
3672	233	14	2
3673	233	8	1
3674	233	12	1
4170	262	8	2
4171	262	3	2
4172	262	16	1
3282	243	6	1
3283	243	1	1
2793	229	1	2
2794	229	23	1
2795	229	17	2
2796	229	8	2
3284	243	7	1
3285	243	11	1
3286	243	8	1
3322	231	16	2
3323	231	6	2
3324	231	8	2
2818	230	2	1
2819	230	9	1
2407	195	24	1
2408	195	16	1
2409	195	3	1
2410	195	2	1
3325	231	11	2
4173	262	27	1
2820	230	11	1
2821	230	15	1
2822	230	14	1
2823	230	8	1
3376	276	14	4
3388	203	14	8
4235	210	14	4
2460	147	3	3
2461	147	2	2
2462	147	24	2
4276	335	6	2
3727	73	5	2
4277	335	27	1
4278	335	32	1
4304	238	16	2
4305	238	1	2
3443	64	3	1
3444	64	14	1
2843	91	16	2
2844	91	6	2
2845	91	8	2
2846	91	11	2
2851	117	1	1
2852	117	6	2
2855	140	15	1
2856	140	14	1
2857	140	8	1
2858	140	12	1
4306	238	10	2
4307	238	6	2
3445	64	15	1
3446	64	8	1
3447	64	10	1
3448	64	12	1
4308	238	4	2
4358	344	8	1
4359	344	16	1
4360	344	14	1
4361	344	1	1
2631	214	16	8
2632	214	6	8
2633	214	1	8
2634	214	10	8
2635	214	8	8
2636	214	9	8
2637	214	24	8
2638	214	22	8
4362	344	11	1
4370	346	16	1
4371	346	14	4
4372	346	12	1
4373	346	36	1
3514	286	14	4
3515	286	12	2
3522	239	14	6
3523	239	23	1
2886	39	10	2
2715	220	6	2
2716	220	1	2
2717	220	8	4
3555	291	3	6
3556	291	10	6
3557	291	5	6
2731	187	3	2
2732	187	1	2
2733	187	6	4
2734	187	7	2
2735	187	4	2
2736	187	12	1
3558	291	1	6
3581	281	2	2
3582	281	3	4
3583	281	1	4
3584	281	6	4
3833	313	1	1
3834	313	6	2
3835	313	27	8
2887	39	3	2
2888	39	6	2
2889	39	8	2
2890	39	9	2
2891	39	12	2
2892	198	3	1
2893	198	6	1
2894	198	8	1
3585	281	8	4
2895	198	9	1
2896	198	12	1
2897	198	1	1
3586	281	9	4
3587	281	10	4
3588	281	16	4
3589	281	12	2
3590	281	24	2
4412	349	4	1
4418	352	16	1
4419	352	3	1
4420	352	4	1
4421	352	14	1
2919	207	6	3
2920	207	16	3
4456	166	15	3
4457	166	8	3
4458	166	14	3
2931	52	9	2
2932	52	3	2
2933	52	5	2
2934	52	6	2
2935	52	13	2
4459	166	12	2
4460	166	11	1
4466	118	15	1
4467	118	14	3
4468	118	8	1
4469	118	11	1
4470	118	12	1
4471	118	4	1
4482	358	2	1
4483	358	17	1
4484	358	14	1
4485	358	22	2
4486	358	16	1
4487	358	8	1
4488	358	12	1
4494	283	6	6
4495	283	7	1
4497	176	15	1
4498	176	14	1
4499	176	8	1
4500	176	12	1
4506	146	10	1
4507	146	1	2
4508	146	6	3
3251	266	10	1
2949	240	14	2
2950	240	12	2
2951	192	3	1
2952	192	16	1
2953	192	23	1
2954	192	14	3
2955	192	9	3
2956	241	14	4
2962	170	10	1
2963	170	12	1
2964	170	15	1
2965	223	10	1
2966	200	24	2
2967	200	13	2
3252	266	8	1
3253	266	1	1
3711	271	14	2
3712	271	1	1
3713	271	8	1
3714	271	3	1
3715	271	10	1
2977	144	12	3
2978	144	15	3
2979	144	14	4
2980	182	10	2
2981	182	14	1
2982	182	16	1
2983	182	23	1
4207	79	8	2
4208	79	6	5
4236	269	14	2
2990	193	25	10
2991	244	5	2
2992	244	10	1
2993	190	3	1
2994	190	12	1
2995	190	7	1
2996	190	2	1
2997	245	3	2
2998	245	12	2
2999	245	7	2
3000	245	2	2
3001	246	2	1
3002	246	3	1
3003	246	6	1
4237	269	24	2
3756	116	6	1
3757	116	10	1
3007	191	14	6
3008	191	12	3
3758	116	3	1
3759	116	2	1
3011	212	6	5
3012	212	4	3
3013	212	1	3
3014	212	8	3
3769	18	1	2
3770	18	3	2
3020	22	2	1
3021	22	7	1
3022	22	8	1
3023	22	9	1
3024	248	2	1
3771	18	6	2
3772	18	8	2
3773	18	10	2
3786	296	16	6
3787	296	6	6
3788	296	1	6
3789	296	10	6
3790	296	8	6
3791	296	9	6
3792	296	24	6
3038	249	1	7
3039	249	6	3
3040	249	10	3
3793	296	22	6
3808	311	17	2
3809	311	8	2
3044	99	6	2
3045	99	8	2
3046	99	10	2
3047	99	3	1
3048	99	2	1
3810	311	11	1
3811	311	1	1
3812	311	6	2
3813	311	16	1
3814	311	27	1
4238	269	12	1
4239	269	8	1
4240	269	3	1
4241	269	1	1
4242	269	10	1
4243	269	22	1
3060	224	16	8
3061	224	14	8
3062	224	15	8
3063	224	10	8
3064	224	8	8
3065	224	9	8
3066	224	24	8
3067	224	22	8
4279	235	6	1
4280	235	12	1
4281	235	3	1
4282	235	8	1
4309	339	16	2
4310	339	1	2
4311	339	10	2
4312	339	6	2
3076	218	2	6
3077	218	3	16
3078	218	1	16
3079	218	4	2
3080	218	5	4
3081	218	6	18
3082	218	7	1
3083	218	8	16
3084	218	9	10
3085	218	10	8
3086	218	11	8
3087	218	12	8
3088	218	13	4
3089	218	16	6
3090	218	17	2
3091	218	22	4
3092	218	23	3
3093	218	24	4
4313	339	4	2
4314	339	29	2
3836	204	16	2
4337	341	5	1
4338	341	3	1
4339	341	8	1
3105	253	24	3
3428	12	1	1
3429	12	8	1
3430	12	11	1
3449	63	3	1
3450	63	14	1
3451	63	15	1
3452	63	8	1
3453	63	10	1
3454	63	11	1
3467	264	9	1
3468	264	10	1
3469	264	1	1
3137	202	5	3
3138	202	3	3
3139	202	24	3
3140	202	2	2
3470	264	8	1
3471	264	16	1
3493	250	6	2
3494	250	8	2
3495	250	10	2
3496	250	3	1
3497	250	16	1
3524	270	11	4
3525	270	16	1
3526	270	1	1
3527	270	8	1
3528	270	3	1
3547	290	1	1
3591	268	6	2
3592	268	17	2
3593	268	8	2
3594	268	11	1
3595	268	1	1
3596	268	16	1
3679	298	15	1
3680	298	14	1
3681	298	8	1
3146	257	14	2
3147	257	23	1
3716	152	2	1
3717	152	7	2
3718	152	4	1
3157	258	16	2
3158	258	14	4
3159	258	12	2
3160	95	8	1
3161	95	14	1
3732	237	6	1
3733	237	5	1
3734	237	1	1
3735	237	3	1
3736	237	8	1
4244	333	14	2
4245	333	24	2
3175	261	8	4
3176	261	3	3
3177	261	16	1
3188	263	12	1
3189	263	8	1
3190	263	2	1
3191	263	14	1
3192	263	3	1
3193	263	9	1
3194	263	27	1
3195	254	11	4
3196	254	1	2
3197	254	10	1
3198	254	22	1
3199	254	24	1
3200	254	3	1
3201	254	8	1
3202	254	4	1
3203	254	16	1
3204	254	17	1
3205	254	12	1
3206	254	9	1
3774	309	1	2
3775	309	3	1
3776	309	6	2
3777	309	8	2
3778	309	10	2
3779	309	29	1
4246	333	12	1
4247	333	8	1
4248	333	3	1
4249	333	1	1
4250	333	10	1
4251	333	22	1
4252	333	36	1
4253	333	37	1
3815	292	5	8
3816	292	3	6
3254	226	3	20
3255	226	12	6
4283	236	6	1
4284	236	12	1
4285	236	3	1
4286	236	1	1
3817	292	10	8
3818	292	1	8
4340	308	6	1
4341	308	24	1
4342	308	16	1
4343	308	2	1
4344	308	32	1
3390	280	10	1
3391	280	1	1
4345	308	31	1
4363	345	6	4
4399	348	5	4
4400	348	3	4
4401	348	10	4
4402	348	1	4
4403	348	29	2
4413	350	6	1
3517	287	24	3
4414	350	1	1
4415	350	16	1
4416	350	24	1
3837	204	14	2
3838	204	15	2
3839	204	12	2
3850	315	2	1
3851	315	17	1
3852	315	14	1
3853	315	22	2
3854	315	16	1
3597	293	17	2
3598	293	8	2
3599	293	11	1
3600	293	1	1
3613	255	2	2
3614	255	3	8
3615	255	1	8
3616	255	4	2
3617	255	5	4
3618	255	14	10
3619	255	7	2
3620	255	8	8
3621	255	9	2
3622	255	10	3
3623	255	11	3
3624	255	12	4
3625	255	13	4
3626	255	16	4
3627	255	17	2
3628	255	22	4
3629	255	23	3
3630	255	24	4
3631	255	27	4
3632	255	29	4
3633	255	30	3
4435	232	1	1
4436	232	6	2
4448	355	9	1
4449	355	15	1
3876	295	2	2
3877	295	3	6
3878	295	1	6
3879	295	4	2
3880	295	5	4
3881	295	14	8
3882	295	7	2
3883	295	8	6
3884	295	9	2
3885	295	10	3
3886	295	11	3
3887	295	12	4
3888	295	13	4
3889	295	16	4
3890	295	17	2
3891	295	22	4
3892	295	23	2
3893	295	24	4
3894	295	27	4
3895	295	29	4
3896	295	30	3
4450	355	17	1
4451	355	22	1
4452	355	16	1
4453	355	2	1
3918	167	2	1
3919	167	9	1
3920	167	11	1
3921	167	10	1
3922	167	15	1
3923	167	14	1
3924	167	3	1
3925	167	8	1
4181	329	12	1
4182	329	3	1
4183	329	6	1
4184	329	23	1
3930	318	10	1
3931	318	1	1
3938	278	16	1
3939	278	3	1
3940	278	14	1
3941	278	23	1
3942	278	8	1
3943	278	10	1
3953	310	16	4
3954	310	6	4
3955	310	1	4
3956	310	10	4
3957	310	8	4
3958	310	9	4
3959	310	24	4
3960	310	22	4
4320	285	6	2
4321	285	8	2
4322	285	10	2
4323	285	3	1
4324	285	16	1
4346	342	6	1
4347	342	24	1
4348	342	16	1
4349	342	2	1
4364	314	16	2
4365	314	14	4
4366	314	12	2
4379	347	11	2
4380	347	16	1
4381	347	1	1
4382	347	12	1
4383	347	3	1
4384	347	8	1
4385	347	22	1
4404	322	16	4
3981	299	6	2
3982	299	27	1
3983	304	23	2
3984	304	6	3
3985	304	2	2
3986	304	27	3
4405	322	27	2
4406	322	8	4
4407	322	11	6
4417	351	14	5
4444	354	1	1
4445	354	6	2
4446	354	27	8
4454	355	30	1
4455	355	5	1
4472	357	15	1
4473	357	14	1
4474	357	8	1
4475	357	11	1
4476	357	12	1
4477	357	16	1
4478	357	24	1
4479	357	22	1
4480	357	30	1
4481	357	10	1
4489	340	3	1
4490	340	8	1
4491	340	15	1
4492	340	31	1
4493	340	36	1
4496	359	6	6
4509	146	3	2
4510	146	12	2
4511	361	10	1
4512	361	1	2
4513	361	6	3
4514	361	3	1
4036	213	9	4
4037	213	10	4
4038	213	12	4
4039	213	16	6
4040	213	22	6
4515	361	12	2
4516	361	16	1
4520	331	9	1
4521	331	10	1
4051	323	23	4
4052	323	12	4
4053	323	27	4
4075	317	29	2
4076	317	27	2
4077	317	12	2
4078	317	22	2
4079	98	16	4
4080	98	6	4
4081	98	8	4
4082	98	11	4
4087	321	6	4
4088	321	4	3
4089	321	16	3
4090	321	12	3
4091	321	27	2
4092	307	10	4
4093	307	16	4
4094	307	22	4
4095	307	29	4
4096	307	8	4
4097	228	6	5
4098	228	1	4
4099	228	23	2
4100	228	17	3
4101	228	8	3
4102	320	6	5
4103	320	1	4
4104	320	23	2
4105	320	17	3
4106	320	8	3
4107	320	27	1
4108	56	6	2
4111	306	1	4
4112	306	12	4
4113	306	29	1
4114	306	27	4
4115	282	1	1
4116	282	8	1
4117	282	11	1
4127	234	9	1
4128	234	10	1
4129	234	1	1
4130	234	3	1
4131	234	8	1
4132	234	16	1
4140	326	11	3
4141	326	3	1
4147	319	10	4
4148	319	11	4
4149	319	17	2
4150	319	22	1
4151	319	6	1
4152	319	24	1
4153	319	16	1
4154	319	8	1
4155	319	27	1
4522	331	24	1
4523	331	3	1
4524	331	16	2
4525	196	3	1
4526	196	8	2
4527	196	16	2
4528	356	15	3
4529	356	8	3
4530	356	14	3
4531	356	12	2
4532	356	11	1
4534	284	1	1
4535	284	4	1
4536	288	6	3
4537	288	16	4
4538	365	6	3
4539	365	16	1
4540	365	8	2
4541	365	27	1
4542	37	1	4
4543	37	6	3
4544	37	10	3
4545	366	1	4
4546	366	6	9
4547	366	10	3
4548	297	15	1
4549	297	14	1
4550	297	8	1
4551	297	12	1
4552	305	6	1
4553	305	16	1
4554	305	1	1
4555	305	3	1
4556	305	8	1
4557	364	14	10
4558	247	14	4
4559	247	12	2
4560	367	14	5
4561	367	12	2
4562	367	27	2
4563	327	14	2
4564	327	9	1
4565	327	24	1
4566	327	3	1
4567	327	16	1
4569	368	24	2
4570	289	11	4
4571	289	16	1
4572	289	1	1
4573	289	12	1
4574	289	3	1
4575	369	11	2
4576	369	16	1
4577	369	2	2
4578	369	3	1
4579	97	17	2
4580	97	13	2
4581	158	1	1
4582	158	6	2
4583	158	12	1
4584	370	1	2
4585	370	6	4
4586	370	12	2
4588	336	6	1
4589	336	16	1
4590	336	3	1
4591	336	30	1
4603	353	16	1
4604	353	12	1
4605	353	17	2
4606	353	8	2
4607	353	1	1
4608	371	16	1
4609	371	12	1
4610	371	17	2
4611	371	8	2
4612	371	1	1
4613	371	23	1
4614	279	14	6
4615	372	14	3
4616	328	8	2
4617	328	16	2
4618	328	27	2
4619	373	8	3
4620	373	16	3
4635	374	23	4
4636	374	2	4
4637	374	8	4
4638	374	14	4
4639	374	24	1
4640	374	3	1
4641	374	4	1
4642	312	5	4
4643	312	3	4
4644	312	10	4
4645	312	1	4
4646	312	29	4
4647	375	9	1
4648	375	15	1
4649	375	17	1
4650	375	22	1
4651	375	16	1
4652	375	2	1
4653	375	30	1
4654	375	5	1
4655	375	10	1
4656	376	9	1
4657	376	15	1
4658	376	17	1
4659	376	22	1
4660	376	16	1
4661	376	2	1
4662	376	30	1
4663	376	5	1
4664	376	10	1
4665	376	28	1
4666	242	24	4
4668	377	24	3
4669	378	24	3
4670	378	29	1
4671	379	8	1
4672	379	14	2
4673	379	1	1
4674	379	11	1
4675	380	23	4
4676	380	2	2
4677	380	8	3
4678	380	14	3
4679	316	2	2
4680	316	3	4
4681	316	1	6
4682	316	4	2
4683	316	5	4
4684	316	14	4
4685	316	7	2
4686	316	8	4
4687	316	9	2
4688	316	10	3
4689	316	11	3
4690	316	12	4
4691	316	13	4
4692	316	16	4
4693	316	17	2
4694	316	22	2
4695	316	23	2
4696	316	24	4
4697	316	27	4
4698	316	29	4
4699	316	30	3
4700	381	2	2
4701	381	3	4
4702	381	1	6
4703	381	4	2
4704	381	5	2
4705	381	14	10
4706	381	7	2
4707	381	8	6
4708	381	9	2
4709	381	10	3
4710	381	11	3
4711	381	12	4
4712	381	16	4
4713	381	17	2
4714	381	22	2
4715	381	23	2
4716	381	24	2
4717	381	27	4
4718	381	29	4
4719	381	30	3
4720	360	15	1
4721	360	14	1
4722	360	8	1
4723	360	12	1
4724	360	11	1
4725	360	27	1
4726	382	15	1
4727	382	14	1
4728	382	8	1
4729	382	12	1
4730	382	11	1
4731	382	23	1
4732	162	12	1
4733	162	8	1
4734	162	2	1
4735	162	14	1
4736	162	3	1
4737	162	9	1
4738	383	12	1
4739	383	8	1
4740	383	2	1
4741	383	14	1
4742	383	3	1
4743	383	9	1
4744	383	27	1
4745	383	23	1
\.


--
-- Data for Name: doctrine_migration_versions; Type: TABLE DATA; Schema: public; Owner: -
--

COPY public.doctrine_migration_versions (version, executed_at, execution_time) FROM stdin;
DoctrineMigrations\\Version20230407085559	2023-04-20 14:05:04	1247
DoctrineMigrations\\Version20240405130035	2023-04-20 14:05:05	1
DoctrineMigrations\\Version20230525122500	2023-05-25 12:29:43	37
DoctrineMigrations\\Version20230619185016	2023-06-19 19:03:29	71
DoctrineMigrations\\Version20230622121354	2023-06-28 13:49:59	57
DoctrineMigrations\\Version20230622123353	2023-06-28 13:49:59	1
DoctrineMigrations\\Version20230628113741	2023-06-28 13:49:59	54
DoctrineMigrations\\Version20230628173723	2023-06-28 18:04:05	73
DoctrineMigrations\\Version20230630142729	2023-07-03 10:10:28	4
DoctrineMigrations\\Version20230630160720	2023-07-03 10:10:28	2
DoctrineMigrations\\Version20230725165930	2023-07-25 18:31:25	360
DoctrineMigrations\\Version20230728153347	2023-07-28 15:47:54	3
DoctrineMigrations\\Version20231010094235	2023-10-10 10:23:35	3
DoctrineMigrations\\Version20231110111126	2023-11-10 11:30:19	2
\.


--
-- Data for Name: horder; Type: TABLE DATA; Schema: public; Owner: -
--

COPY public.horder (id, product_id, status, decigrams) FROM stdin;
\.


--
-- Data for Name: log; Type: TABLE DATA; Schema: public; Owner: -
--

COPY public.log (id, user_id, entity_class, entity_id, changes, created_at) FROM stdin;
1	1	App\\Entity\\Delivery	76	{"weeks":[["30","31","32","33","34","35","36","37","38","39","40","41","42","43","44","45","46","47","48","49","50","51","52"],[30,31,32,33,34,35,36,37,38,39,40,41,42,43,44,45,46,47,48,49,50,51,52]],"deliveryProducts":{}}	2023-07-26 06:02:03
2	1	App\\Entity\\Delivery	54	{"weeks":[["28","30","31","32","33","34","35","36","37","38","39","40","41","42","43","44","45","46","47","48","49","50","51","52"],[28,30,31,32,33,34,35,36,37,38,39,40,41,42,43,44,45,46,47,48,49,50,51,52]],"deliveryProducts":{}}	2023-07-26 06:02:40
3	1	App\\Entity\\Delivery	76	{"weeks":[["30","31","32","33","34","35","36","37","38","39","40","41","42","43","44","45","46","47","48","49","50","51","52"],[30,31,32,33,34,35,36,37,38,39,40,41,42,43,44,45,46,47,48,49,50,51,52]],"deliveryProducts":{}}	2023-07-26 06:03:08
4	1	App\\Entity\\Delivery	28	{"weeks":[["25","26","27","28","29","30","31","32","33","34","35","36","37","38","39","40","41","42","43","44","45","46","47","48","49","50","51","52","53"],[25,26,27,28,29,30,31,32,33,34,35,36,37,38,39,40,41,42,43,44,45,46,47,48,49,50,51,52,53]],"deliveryProducts":{}}	2023-07-26 06:03:42
5	1	App\\Entity\\Delivery	69	{"weeks":[["30","31","32","33","34","35","36","37","38","39","40","41","42","43","44","45","46","47","48","49","50","51","52"],[30,31,32,33,34,35,36,37,38,39,40,41,42,43,44,45,46,47,48,49,50,51,52]],"deliveryProducts":{}}	2023-07-26 06:04:08
6	1	App\\Entity\\Delivery	85	{"weeks":[["30","31","32","33","34","35","36","37","38","39","40","41","42","43","44","45","46","47","48","49","50","51","52","53"],[30,31,32,33,34,35,36,37,38,39,40,41,42,43,44,45,46,47,48,49,50,51,52,53]],"deliveryProducts":{}}	2023-07-26 06:04:28
7	1	App\\Entity\\Delivery	63	{"weeks":[["28","30","32","34","36","38","40","42","44","46","48","50","52"],[28,30,32,34,36,38,40,42,44,46,48,50,52]],"deliveryProducts":{}}	2023-07-26 06:05:07
8	1	App\\Entity\\Delivery	64	{"weeks":[["29","31","33","35","37","39","41","43","45","47","49","51"],[29,31,33,35,37,39,41,43,45,47,49,51]],"deliveryProducts":{}}	2023-07-26 06:05:34
9	1	App\\Entity\\Delivery	54	{"weeks":[["28","30","31","32","33","34","35","36","37","38","39","40","41","42","43","44","45","46","47","48","49","50","51","52"],[28]],"deliveryProducts":{}}	2023-07-27 05:09:04
10	1	App\\Entity\\Delivery	78	{"weeks":[["29","30","31","32","33","34","35","36","37","38","39","40","41","42","43","44","45","46","47","48","49","50","51","52","53"],[29,31,33,35,37,39,41,43,45,47,49,51]],"deliveryProducts":{}}	2023-07-28 13:48:42
11	1	App\\Entity\\Product	6	[]	2023-07-28 14:00:41
12	1	App\\Entity\\Product	8	[]	2023-07-28 14:02:22
13	1	App\\Entity\\Product	14	[]	2023-07-28 14:03:19
14	1	App\\Entity\\Product	15	[]	2023-07-28 14:04:03
15	1	App\\Entity\\Product	13	{"days":[21,28]}	2023-07-28 14:04:29
16	45	App\\Entity\\Product	3	[]	2023-07-28 18:43:44
17	1	App\\Entity\\User	43	{"username":["al goto","al goto\\/per bacco"],"fullName":["al goto","al goto\\/per bacco"]}	2023-07-30 12:38:48
18	1	App\\Entity\\Delivery	60	{"weeks":[["28","29","30","31","32","33","34","35","36","37","38","39","40","41","42","43","44","45","46","47","48","49","50","51","52","53"],[28,29,30,31]],"deliveryProducts":{}}	2023-07-31 09:35:09
19	1	App\\Entity\\Delivery	73	{"weeks":[["29","30","31","32","33","34","35","36","37","38","39","40","41","42","43","44","45","46","47","48","49","50","51","52","53"],[29,30,32,33,34,35,36,37,38,39,40,41,42,43,44,45,46,47,48,49,50,51,52]],"deliveryProducts":{}}	2023-07-31 10:55:03
20	1	App\\Entity\\Delivery	2	{"weeks":[["26","28","30","32","34","36","38","40","42","44","46","48","50","52"],[26,28,30]],"deliveryProducts":{}}	2023-07-31 12:08:49
21	1	App\\Entity\\Delivery	7	{"weeks":[["25","26","27","28","29","30","31","32","33","34","35","36","37","38","39","40","41","42","43","44","45","46","47","48","49","50","51","52","53"],[25,26,27,28,29,30,32,33,34,35,36,37,38,39,40,41,42,43,44,45,46,47,48,49,50,51,52]],"deliveryProducts":{}}	2023-08-01 09:17:24
22	1	App\\Entity\\Delivery	91	{"weeks":[["31","32","33","34","35","36","37","38","39","40","41","42","43","44","45","46","47","48","49","50","51","52"],[31]],"deliveryProducts":{}}	2023-08-01 09:18:06
23	1	App\\Entity\\Delivery	15	{"weeks":[["25","30","31","32","33","34","35","36","37","38","39","40","41","42","43","44","45","46","47","48","49","50","51","52"],[25,30,32,33,34,35,36,37,38,39,40,41,42,43,44,45,46,47,48,49,50,51,52]],"deliveryProducts":{}}	2023-08-01 09:19:57
24	1	App\\Entity\\Delivery	49	{"weeks":[["30","31","32","33","34","35","36","37","38","39","40","41","42","43","44","45","46","47","48","49","50","51","52"],[30]],"deliveryProducts":{}}	2023-08-01 09:21:58
25	1	App\\Entity\\Delivery	78	{"weeks":[["29","31","33","35","37","39","41","43","45","47","49","51"],[29]],"deliveryProducts":{}}	2023-08-01 09:23:47
26	1	App\\Entity\\Delivery	81	{"weeks":[["30","31","32","33","34","35","36","37","38","39","40","41","42","43","44","45","46","47","48","49","50","51","52"],[30,31]],"deliveryProducts":{}}	2023-08-01 09:25:06
27	1	App\\Entity\\Delivery	72	{"weeks":[["29","31","33","35","37","39","41","43","45","47","49","51"],[29]],"deliveryProducts":{}}	2023-08-01 09:33:21
28	1	App\\Entity\\Delivery	103	{"weeks":[["32","33","34","35","36","37","38","39","40","41","42","43","44","45","46","47","48","49","50","51","52"],[32,33,34,35,36,37,38,39,40,41,42,43,44,45,46,47,48,49,50,51,52]],"deliveryProducts":{}}	2023-08-01 09:36:09
29	45	App\\Entity\\Product	2	[]	2023-08-01 09:37:31
30	1	App\\Entity\\Delivery	103	{"weeks":[["32","33","34","35","36","37","38","39","40","41","42","43","44","45","46","47","48","49","50","51","52"],[32,33,34,35,36,37,38,39,40,41,42,43,44,45,46,47,48,49,50,51,52]],"deliveryProducts":{}}	2023-08-01 09:45:03
31	1	App\\Entity\\Product	24	{"days":[9,11]}	2023-08-01 09:46:40
32	1	App\\Entity\\Product	16	{"weight":[false,true]}	2023-08-01 09:48:29
33	1	App\\Entity\\Product	16	[]	2023-08-01 09:50:42
34	1	App\\Entity\\Product	22	{"decigrams":[1,13],"weight":[false,true]}	2023-08-01 09:58:44
35	1	App\\Entity\\Product	4	[]	2023-08-01 09:59:27
36	1	App\\Entity\\Product	1	{"weight":[false,true]}	2023-08-01 09:59:38
37	1	App\\Entity\\Product	3	{"weight":[false,true]}	2023-08-01 09:59:44
38	1	App\\Entity\\Product	5	{"weight":[false,true]}	2023-08-01 09:59:51
39	1	App\\Entity\\Product	7	{"weight":[false,true]}	2023-08-01 09:59:59
40	1	App\\Entity\\Product	8	{"days":[5,4],"weight":[false,true]}	2023-08-01 10:00:35
41	1	App\\Entity\\Product	10	{"weight":[false,true]}	2023-08-01 10:01:50
42	1	App\\Entity\\Product	11	{"weight":[false,true]}	2023-08-01 10:03:03
43	1	App\\Entity\\Product	12	{"weight":[false,true]}	2023-08-01 10:03:12
44	1	App\\Entity\\Product	6	{"weight":[false,true]}	2023-08-01 10:05:04
45	1	App\\Entity\\Product	14	{"weight":[false,true]}	2023-08-01 10:05:09
46	1	App\\Entity\\Product	15	{"weight":[false,true]}	2023-08-01 10:05:15
47	1	App\\Entity\\Product	17	[]	2023-08-01 10:05:52
48	1	App\\Entity\\Product	23	{"days":[7,8],"weight":[false,true]}	2023-08-01 10:06:49
49	1	App\\Entity\\Product	13	{"weight":[false,true]}	2023-08-01 10:07:06
50	1	App\\Entity\\Product	13	{"decigrams":[10,15]}	2023-08-01 10:23:47
51	1	App\\Entity\\Delivery	56	{"weeks":[["27","28","29","30","31","32","33","34","35","36","37","38","39","40","41","42","43","44","45","46","47","48","49","50","51","52","53"],[27,28,29,30,31,33,34,35,36,37,38,39,40,41,42,43,44,45,46,47,48,49,50,51,52]],"deliveryProducts":{}}	2023-08-01 10:54:22
52	1	App\\Entity\\Delivery	79	{"weeks":[["31","32","33","34","35","36","37","38","39","40","41","42","43","44","45","46","47","48","49","50","51","52"],[31,32,33,34,35,36,37,38,39,40,41,42,43,44,45,46,47,48,49,50,51,52]],"deliveryProducts":{}}	2023-08-01 10:57:25
53	1	App\\Entity\\Delivery	79	{"weeks":[["31","32","33","34","35","36","37","38","39","40","41","42","43","44","45","46","47","48","49","50","51","52"],[31,33,35,37,39,41,43,45,47,49,51]],"deliveryProducts":{}}	2023-08-01 11:08:05
54	1	App\\Entity\\Delivery	56	{"weeks":[["27","28","29","30","31","33","34","35","36","37","38","39","40","41","42","43","44","45","46","47","48","49","50","51","52"],[27,28,29,30,31,33,34,37,38,39,40,41,42,43,44,45,46,47,48,49,50,51,52]],"deliveryProducts":{}}	2023-08-01 11:20:46
55	1	App\\Entity\\Delivery	108	{"weeks":[["32"],[32,35]],"deliveryProducts":{}}	2023-08-01 11:21:00
56	1	App\\Entity\\Delivery	8	{"weeks":[["25","26"],[36]],"deliveryProducts":{}}	2023-08-01 11:22:21
57	1	App\\Entity\\Delivery	109	{"weeks":[["31"],[31]],"deliveryProducts":{}}	2023-08-02 12:13:04
58	1	App\\Entity\\User	52	{"zone":[null,"conegliano"]}	2023-08-02 12:14:06
59	1	App\\Entity\\Delivery	107	{"weeks":[["31","32","33","34","35","36","37","38","39","40","41","42","43","44","45","46","47","48","49","50","51","52","53"],[31,33,35,37,39,41,43,45,47,49,51]],"deliveryProducts":{}}	2023-08-02 12:26:34
60	1	App\\Entity\\Delivery	107	{"deliveryWeekDay":[2,3],"weeks":[["31","33","35","37","39","41","43","45","47","49","51"],[31,33,35,37,39,41,43,45,47,49,51]],"deliveryProducts":{}}	2023-08-02 12:27:04
61	1	App\\Entity\\Delivery	102	{"weeks":[["31"],[31]],"deliveryProducts":{}}	2023-08-03 05:02:19
62	1	App\\Entity\\Delivery	82	{"weeks":[["30","31","32","33","34","35","36","37","38","39","40","41","42","43","44","45","46","47","48","49","50","51","52","53"],[30,32,33,34,35,36,37,38,39,40,41,42,43,44,45,46,47,48,49,50,51,52]],"deliveryProducts":{}}	2023-08-03 05:03:58
63	1	App\\Entity\\Delivery	35	{"weeks":[["26","28","29"],[26,28,29,31]],"deliveryProducts":{}}	2023-08-03 05:04:14
64	1	App\\Entity\\Delivery	60	{"weeks":[["28","29","30","31"],[28,29,30]],"deliveryProducts":{}}	2023-08-03 05:04:41
65	1	App\\Entity\\Delivery	46	{"weeks":[["27","28","29","30","31","32","33","34","35","36","37","38","39","40","41","42","43","44","45","46","47","48","49","50","51","52","53"],[27,28,29,30,31,33,34,35,36,37,38,39,40,41,42,43,44,45,46,47,48,49,50,51,52]],"deliveryProducts":{}}	2023-08-03 17:31:08
66	1	App\\Entity\\Delivery	101	{"weeks":[["32","33","34","35","36","37","38","39","40","41","42","43","44","45","46","47","48","49","50","51","52"],[32,33,34,35,36,37,38,39,40,41,42,43,44,45,46,47,48,49,50,51,52]],"deliveryProducts":{}}	2023-08-03 17:31:42
67	1	App\\Entity\\Delivery	13	{"weeks":[["25","26","27","28","29","30","31","32","33","34","35","36","37","38","39","40","41","42","43","44","45","46","47","48","49","50","51","52","53"],[25,26,27,28,29,30,31]],"deliveryProducts":{}}	2023-08-03 18:20:41
68	1	App\\Entity\\Delivery	110	{"weeks":[["31"],[31,33,35,37,39,41,43,45,47,49,51]],"deliveryProducts":{}}	2023-08-04 12:44:01
69	1	App\\Entity\\User	11	{"username":["fenadora\\/Foreva srl","fenadora\\/foreva"],"fullName":["fenadora","fenadora\\/foreva"]}	2023-08-05 12:13:14
70	1	App\\Entity\\User	39	{"username":["thairi\\/Alice srl","tahiri\\/alice"],"fullName":["thairi","tahiri\\/alice"]}	2023-08-05 12:13:43
71	1	App\\Entity\\Delivery	7	{"weeks":[["25","26","27","28","29","30","32","33","34","35","36","37","38","39","40","41","42","43","44","45","46","47","48","49","50","51","52"],[25,26,27,28,29,30,32]],"deliveryProducts":{}}	2023-08-05 15:13:30
72	1	App\\Entity\\Delivery	7	{"weeks":[["25","26","27","28","29","30","32"],[25,26,27,28,29,30]],"deliveryProducts":{}}	2023-08-05 15:13:45
73	1	App\\Entity\\Delivery	10	{"weeks":[["31","33","35","37","39","41","43","45","47","49","51"],[31]],"deliveryProducts":{}}	2023-08-05 15:15:04
74	1	App\\Entity\\User	54	{"zone":[null,"conegliano"]}	2023-08-08 06:23:03
75	1	App\\Entity\\Delivery	37	{"weeks":[["28","29","30","31","32","33","34","35","36","37","38","39","40","41","42","43","44","45","46","47","48","49","50","51","52"],[28,29,30,31,32,35,36,37,38,39,40,41,42,43,44,45,46,47,48,49,50,51,52]],"deliveryProducts":{}}	2023-08-09 06:38:59
76	1	App\\Entity\\Delivery	90	{"weeks":[["31","33","35","37","39","41","43","45","47","49","51"],[31,35,37,39,41,43,45,47,49,51]],"deliveryProducts":{}}	2023-08-09 06:39:24
77	1	App\\Entity\\Delivery	15	{"weeks":[["25","30","32","33","34","35","36","37","38","39","40","41","42","43","44","45","46","47","48","49","50","51","52"],[25,30]],"deliveryProducts":{}}	2023-08-09 06:42:56
78	1	App\\Entity\\Delivery	99	{"weeks":[["31"],[31,32,33,34,35,36,37,38,39,40,41,42,43,44,45,46,47,48,49,50,51,52]],"deliveryProducts":{}}	2023-08-09 06:43:29
79	1	App\\Entity\\Delivery	9	{"weeks":[["26","27","28","29","31","32","33","34","35","36","37","38","39","40","41","42","43","44","45","46","47","48","49","50","51","52"],[26,27,28,29,31,32]],"deliveryProducts":{}}	2023-08-09 06:44:14
80	1	App\\Entity\\Delivery	104	{"weeks":[["32","34","36","38","40","42","44","46","48","50","52"],[32,34,36,38,40,42,44,46,48,50,52]],"deliveryProducts":{}}	2023-08-09 06:46:14
81	1	App\\Entity\\Delivery	104	{"weeks":[["32","34","36","38","40","42","44","46","48","50","52"],[32,34,36,38,40,42,44,46,48,50,52]],"deliveryProducts":{}}	2023-08-09 06:46:26
82	1	App\\Entity\\User	35	{"username":["revolution","revolution\\/kreazioni"],"fullName":["revolution bistrot","revolution bistrot\\/kreazioni"]}	2023-08-09 07:29:00
83	1	App\\Entity\\User	35	[]	2023-08-09 07:29:01
84	1	App\\Entity\\Delivery	76	{"weeks":[["30","31","32","33","34","35","36","37","38","39","40","41","42","43","44","45","46","47","48","49","50","51","52"],[30,31,33,34,35,36,37,38,39,40,41,42,43,44,45,46,47,48,49,50,51,52]],"deliveryProducts":{}}	2023-08-09 12:01:49
85	1	App\\Entity\\Delivery	59	{"weeks":[["28","29","30","31","32","33","34","35","36","37","38","39","40","41","42","43","44","45","46","47","48","49","50","51","52","53"],[28,29,30,31,32,35,36,37,38,39,40,41,42,43,44,45,46,47,48,49,50,51,52]],"deliveryProducts":{}}	2023-08-09 12:03:18
86	1	App\\Entity\\Delivery	105	{"weeks":[["32","33","34","35","36","37","38","39","40","41","42","43","44","45","46","47","48","49","50","51","52"],[32,33,34,35,36,37,38,39,40,41,42,43,44,45,46,47,48,49,50,51,52]],"deliveryProducts":{}}	2023-08-09 12:22:09
87	1	App\\Entity\\Delivery	31	{"weeks":[["25","26","27","28","29","31","32","33","34","35","36","37","38","39","40","41","42","43","44","45","46","47","48","49","50","51","52"],[25,26,27,28,29,31,33,34,35,36,37,38,39,40,41,42,43,44,45,46,47,48,49,50,51,52]],"deliveryProducts":{}}	2023-08-09 12:35:09
88	1	App\\Entity\\Delivery	18	{"weeks":[["25","26","27","28","29","30","31","32","33","34","35","36","37","38","39","40","41","42","43","44","45","46","47","48","49","50","51","52","53"],[25,26,27,28,29,30,31,32,34,35,36,37,38,39,40,41,42,43,44,45,46,47,48,49,50,51,52]],"deliveryProducts":{}}	2023-08-09 12:42:44
89	1	App\\Entity\\Delivery	101	{"weeks":[["32","33","34","35","36","37","38","39","40","41","42","43","44","45","46","47","48","49","50","51","52"],[32]],"deliveryProducts":{}}	2023-08-10 11:46:28
90	1	App\\Entity\\Delivery	65	{"weeks":[["28","29"],[28,29,32]],"deliveryProducts":{}}	2023-08-10 11:48:16
91	1	App\\Entity\\Delivery	94	{"weeks":[["30","31","32","33","34","35","36","37","38","39","40","41","42","43","44","45","46","47","48","49","50","51","52","53"],[30,31,33,34,35,36,37,38,39,40,41,42,43,44,45,46,47,48,49,50,51,52]],"deliveryProducts":{}}	2023-08-10 11:52:07
92	1	App\\Entity\\Delivery	54	{"weeks":[["28"],[28,32]],"deliveryProducts":{}}	2023-08-10 11:52:21
93	1	App\\Entity\\Delivery	114	{"weeks":[["21","33","35","37","39","41","43","45","47","49","51"],[21,33,35,37,39,41,43,45,47,49,51]],"deliveryProducts":{}}	2023-08-15 05:21:00
94	1	App\\Entity\\Delivery	104	{"weeks":[["32","34","36","38","40","42","44","46","48","50","52"],[32,33,34,36,38,40,42,44,46,48,50,52]],"deliveryProducts":{}}	2023-08-15 05:37:11
95	1	App\\Entity\\Delivery	1	{"weeks":[["27","28","29","30","31","32","33","34","35","36","37","38","39","40","41","42","43","44","45","46","47","48","49","50","51","52"],[27,28,29,30,31,32,34,35,36,37,38,39,40,41,42,43,44,45,46,47,48,49,50,51,52]],"deliveryProducts":{}}	2023-08-15 05:39:44
96	1	App\\Entity\\Delivery	115	{"deliveryWeekDay":[3,5],"weeks":[["32","33","34","35","36","37","38","39","40","41","42","43","44","45","46","47","48","49","50","51","52","53"],[32,33,34,35,36,37,38,39,40,41,42,43,44,45,46,47,48,49,50,51,52,53]],"deliveryProducts":{}}	2023-08-16 05:59:16
97	1	App\\Entity\\Delivery	86	{"weeks":[["30","32","34","36","38","40","42","44","46","48","50","52"],[30,32,33,34,36,38,40,42,44,46,48,50,52]],"deliveryProducts":{}}	2023-08-16 06:00:41
98	1	App\\Entity\\Delivery	120	{"weeks":[["33","34","35","36","37","38","39","40","41","42","43","44","45","46","47","48","49","50","51","52"],[34,35,36,37,38,39,40,41,42,43,44,45,46,47,48,49,50,51,52]],"deliveryProducts":{}}	2023-08-17 16:36:36
99	1	App\\Entity\\Delivery	120	{"weeks":[["34","35","36","37","38","39","40","41","42","43","44","45","46","47","48","49","50","51","52"],[34,35,36,37,38,39,40,41,42,43,44,45,46,47,48,49,50,51,52]],"deliveryProducts":{}}	2023-08-17 16:38:43
100	1	App\\Entity\\Delivery	120	{"weeks":[["34","35","36","37","38","39","40","41","42","43","44","45","46","47","48","49","50","51","52"],[34,35,36,37,38,39,40,41,42,43,44,45,46,47,48,49,50,51,52]],"deliveryProducts":{}}	2023-08-17 16:40:10
101	1	App\\Entity\\Delivery	95	{"weeks":[["30"],[30,33]],"deliveryProducts":{}}	2023-08-17 16:42:09
102	1	App\\Entity\\Delivery	94	{"weeks":[["30","31","33","34","35","36","37","38","39","40","41","42","43","44","45","46","47","48","49","50","51","52"],[30,31,34,35,36,37,38,39,40,41,42,43,44,45,46,47,48,49,50,51,52]],"deliveryProducts":{}}	2023-08-17 16:42:49
103	1	App\\Entity\\Delivery	54	{"weeks":[["28","32"],[28,32,33]],"deliveryProducts":{}}	2023-08-17 16:43:02
104	1	App\\Entity\\Delivery	82	{"weeks":[["30","32","33","34","35","36","37","38","39","40","41","42","43","44","45","46","47","48","49","50","51","52"],[30,32,34,35,36,37,38,39,40,41,42,43,44,45,46,47,48,49,50,51,52]],"deliveryProducts":{}}	2023-08-17 16:44:18
105	1	App\\Entity\\Delivery	35	{"weeks":[["26","28","29","31"],[26,28,29,31,33]],"deliveryProducts":{}}	2023-08-17 16:44:47
106	1	App\\Entity\\Delivery	78	{"weeks":[["29"],[29,33]],"deliveryProducts":{}}	2023-08-17 16:50:58
107	45	App\\Entity\\Delivery	66	{"weeks":[["30"],[30]],"deliveryProducts":{}}	2023-08-18 07:45:36
108	1	App\\Entity\\Delivery	35	{"weeks":[["26","28","29","31","33"],[26,28,29,31]],"deliveryProducts":{}}	2023-08-21 05:57:56
109	1	App\\Entity\\Delivery	78	{"weeks":[["29","33"],[29]],"deliveryProducts":{}}	2023-08-21 06:04:30
110	1	App\\Entity\\Delivery	102	{"weeks":[["31"],[31,33]],"deliveryProducts":{}}	2023-08-21 06:04:41
111	1	App\\Entity\\Delivery	107	{"weeks":[["31","33","35","37","39","41","43","45","47","49","51"],[31]],"deliveryProducts":{}}	2023-08-21 06:07:01
112	1	App\\Entity\\Delivery	124	{"weeks":[["33"],[33]],"deliveryProducts":{}}	2023-08-21 06:09:10
113	1	App\\Entity\\Delivery	31	{"weeks":[["25","26","27","28","29","31","33","34","35","36","37","38","39","40","41","42","43","44","45","46","47","48","49","50","51","52"],[25,26,27,28,29,31,33,35,36,37,38,39,40,41,42,43,44,45,46,47,48,49,50,51,52]],"deliveryProducts":{}}	2023-08-21 06:10:58
114	1	App\\Entity\\Delivery	125	{"weeks":[["34"],[34]],"deliveryProducts":{}}	2023-08-21 06:14:55
115	1	App\\Entity\\Delivery	39	{"weeks":[["27","31"],[27,31,34]],"deliveryProducts":{}}	2023-08-21 06:20:28
116	1	App\\Entity\\Delivery	76	{"weeks":[["30","31","33","34","35","36","37","38","39","40","41","42","43","44","45","46","47","48","49","50","51","52"],[30,31,33,35,36,37,38,39,40,41,42,43,44,45,46,47,48,49,50,51,52]],"deliveryProducts":{}}	2023-08-22 05:48:06
117	1	App\\Entity\\Delivery	77	{"weeks":[["29","30","31","32","33","34","35","36","37","38","39","40","41","42","43","44","45","46","47","48","49","50","51","52","53"],[29,30,31,32,33]],"deliveryProducts":{}}	2023-08-22 05:48:31
118	1	App\\Entity\\Product	17	{"decigrams":[25,18]}	2023-08-22 05:50:57
119	1	App\\Entity\\Delivery	104	{"weeks":[["32","33","34","36","38","40","42","44","46","48","50","52"],[32,33]],"deliveryProducts":{}}	2023-08-22 05:53:01
120	1	App\\Entity\\Delivery	103	{"weeks":[["32","33","34","35","36","37","38","39","40","41","42","43","44","45","46","47","48","49","50","51","52"],[32,33,34]],"deliveryProducts":{}}	2023-08-22 10:57:38
121	1	App\\Entity\\Delivery	40	{"weeks":[["30","31","32","33","34","35","36","37","38","39","40","41","42","43","44","45","46","47","48","49","50","51","52"],[30,31,32,33,34]],"deliveryProducts":{}}	2023-08-23 05:41:20
122	1	App\\Entity\\Delivery	73	{"weeks":[["29","30","32","33","34","35","36","37","38","39","40","41","42","43","44","45","46","47","48","49","50","51","52"],[29,30,32,33,35,36,37,38,39,40,41,42,43,44,45,46,47,48,49,50,51,52]],"deliveryProducts":{}}	2023-08-23 05:46:37
123	1	App\\Entity\\Delivery	39	{"weeks":[["27","31","34"],[27,31,34,35]],"deliveryProducts":{}}	2023-08-23 05:49:33
124	1	App\\Entity\\Delivery	86	{"weeks":[["30","32","33","34","36","38","40","42","44","46","48","50","52"],[30,32,33,36,38,40,42,44,46,48,50,52]],"deliveryProducts":{}}	2023-08-23 05:50:23
125	1	App\\Entity\\Delivery	105	{"weeks":[["32","33","34","35","36","37","38","39","40","41","42","43","44","45","46","47","48","49","50","51","52"],[32,33]],"deliveryProducts":{}}	2023-08-23 05:52:20
126	1	App\\Entity\\Delivery	128	{"weeks":[["35","36","37","38","39","40","41","42","43","44","45","46","47","48","49","50","51","52"],[35,36,37,38,39,40,41,42,43,44,45,46,47,48,49,50,51,52]],"deliveryProducts":{}}	2023-08-23 09:35:02
215	1	App\\Entity\\Product	14	{"decigrams":[200,220]}	2023-09-12 15:06:06
127	1	App\\Entity\\Delivery	82	{"weeks":[["30","32","34","35","36","37","38","39","40","41","42","43","44","45","46","47","48","49","50","51","52"],[30,32,35,36,37,38,39,40,41,42,43,44,45,46,47,48,49,50,51,52]],"deliveryProducts":{}}	2023-08-23 10:25:55
128	1	App\\Entity\\Delivery	35	{"weeks":[["26","28","29","31"],[26,28,29,31,34]],"deliveryProducts":{}}	2023-08-23 10:26:20
129	1	App\\Entity\\Delivery	94	{"weeks":[["30","31","34","35","36","37","38","39","40","41","42","43","44","45","46","47","48","49","50","51","52"],[30,31,35,36,37,38,39,40,41,42,43,44,45,46,47,48,49,50,51,52]],"deliveryProducts":{}}	2023-08-24 05:28:48
130	1	App\\Entity\\Delivery	54	{"weeks":[["28","32","33"],[28,32,33,34]],"deliveryProducts":{}}	2023-08-24 05:29:27
131	1	App\\Entity\\Delivery	120	{"weeks":[["34","35","36","37","38","39","40","41","42","43","44","45","46","47","48","49","50","51","52"],[34,36,37,38,39,40,41,42,43,44,45,46,47,48,49,50,51,52]],"deliveryProducts":{}}	2023-08-24 10:55:50
132	1	App\\Entity\\Delivery	65	{"weeks":[["28","29","32"],[28,29,32,34]],"deliveryProducts":{}}	2023-08-24 10:56:37
133	1	App\\Entity\\Delivery	54	{"weeks":[["28","32","33","34"],[28,32,33]],"deliveryProducts":{}}	2023-08-24 10:57:22
134	1	App\\Entity\\Delivery	133	{"weeks":[["34"],[34]],"deliveryProducts":{}}	2023-08-24 11:04:48
135	1	App\\Entity\\Delivery	38	{"weeks":[["28","29"],[28,29,36]],"deliveryProducts":{}}	2023-08-28 06:15:13
136	1	App\\Entity\\Delivery	76	{"weeks":[["30","31","33","35","36","37","38","39","40","41","42","43","44","45","46","47","48","49","50","51","52"],[30,31,33]],"deliveryProducts":{}}	2023-08-28 08:21:25
137	1	App\\Entity\\Delivery	118	{"weeks":[["32"],[32,35,36,37,38,39,40,41,42,43,44,45,46,47,48,49,50,51,52]],"deliveryProducts":{}}	2023-08-28 08:22:07
138	1	App\\Entity\\Delivery	47	{"weeks":[["27"],[27,35]],"deliveryProducts":{}}	2023-08-28 08:23:22
139	1	App\\Entity\\Delivery	91	{"weeks":[["31"],[31,36,37,38,39,40,41,42,43,44,45,46,47,48,49,50,51,52]],"deliveryProducts":{}}	2023-08-28 08:24:36
140	1	App\\Entity\\Delivery	127	{"weeks":[["35","36","37","38","39","40","41","42","43","44","45","46","47","48","49","50","51","52"],[35,36,37,38,39,40,41,42,43,44,45,46,47,48,49,50,51,52]],"deliveryProducts":{}}	2023-08-28 08:27:21
141	1	App\\Entity\\Delivery	47	{"weeks":[["27","35"],[27]],"deliveryProducts":{}}	2023-08-28 08:34:41
142	1	App\\Entity\\Delivery	111	{"weeks":[["31"],[31,35]],"deliveryProducts":{}}	2023-08-28 08:34:51
143	1	App\\Entity\\Delivery	47	{"weeks":[["27"],[27,36]],"deliveryProducts":{}}	2023-08-28 08:35:56
144	1	App\\Entity\\Delivery	114	{"weeks":[["21","33","35","37","39","41","43","45","47","49","51"],[21,33,37,39,41,43,45,47,49,51]],"deliveryProducts":{}}	2023-08-29 05:52:20
145	1	App\\Entity\\Delivery	94	{"weeks":[["30","31","35","36","37","38","39","40","41","42","43","44","45","46","47","48","49","50","51","52"],[30,31]],"deliveryProducts":{}}	2023-08-29 05:52:53
146	1	App\\Entity\\Delivery	59	{"weeks":[["28","29","30","31","32","35","36","37","38","39","40","41","42","43","44","45","46","47","48","49","50","51","52"],[35,36,37,38,39,40,41,42,43,44,45,46,47,48,49,50,51,52,53]],"deliveryProducts":{}}	2023-08-29 09:28:41
147	1	App\\Entity\\Delivery	59	{"weeks":[["35","36","37","38","39","40","41","42","43","44","45","46","47","48","49","50","51","52","53"],[35]],"deliveryProducts":{}}	2023-08-29 09:31:02
148	1	App\\Entity\\Delivery	86	{"weeks":[["30","32","33","36","38","40","42","44","46","48","50","52"],[30,32,33,35]],"deliveryProducts":{}}	2023-08-29 09:33:15
149	1	App\\Entity\\Delivery	104	{"weeks":[["32","33"],[32,33,35]],"deliveryProducts":{}}	2023-08-29 09:36:42
150	1	App\\Entity\\Delivery	111	{"weeks":[["31","35"],[31,35]],"deliveryProducts":{}}	2023-08-29 09:50:34
151	1	App\\Entity\\Delivery	102	{"weeks":[["31","33"],[31,33,35]],"deliveryProducts":{}}	2023-08-29 11:34:00
152	1	App\\Entity\\Delivery	104	{"weeks":[["32","33","35"],[32,33,35]],"deliveryProducts":{}}	2023-08-29 11:37:30
153	1	App\\Entity\\Product	16	{"decigrams":[20,15]}	2023-08-29 11:41:42
154	1	App\\Entity\\Product	2	{"decigrams":[16,12]}	2023-08-29 11:42:02
155	1	App\\Entity\\Product	17	{"decigrams":[18,14]}	2023-08-29 11:42:23
156	1	App\\Entity\\Product	23	{"days":[8,7]}	2023-08-29 11:42:47
157	1	App\\Entity\\Product	6	{"decigrams":[180,200]}	2023-08-29 11:43:07
158	1	App\\Entity\\Product	14	{"decigrams":[180,200]}	2023-08-29 11:43:18
159	45	App\\Entity\\User	59	{"fullName":["","test full"]}	2023-08-30 08:32:39
160	45	App\\Entity\\Delivery	138	{"weeks":[["1","3","5","7","9","11","13","15","17","19","21","23","25","27","29","31","33","35","37","39","41","43","45","47","49","51","53"],[1,3,5,7,9,11,13,15,17,19,21,23,25,27,29,31,33,35,37,39,41,43,45,47,49,51,53]],"deliveryProducts":{}}	2023-08-30 08:34:39
161	1	App\\Entity\\Delivery	85	{"weeks":[["30","31","32","33","34","35","36","37","38","39","40","41","42","43","44","45","46","47","48","49","50","51","52","53"],[30,31,32,33,34]],"deliveryProducts":{}}	2023-08-30 11:52:47
162	1	App\\Entity\\User	60	{"fullName":["da cenner\\u00f2","da gennaro"]}	2023-08-30 11:57:00
163	1	App\\Entity\\Delivery	82	{"weeks":[["30","32","35","36","37","38","39","40","41","42","43","44","45","46","47","48","49","50","51","52"],[30,32,35,36,37,38,39,40,41,42,43,44,45,46,47,48,49,50,51,52]],"deliveryProducts":{}}	2023-08-30 12:02:40
164	1	App\\Entity\\Delivery	82	{"weeks":[["30","32","35","36","37","38","39","40","41","42","43","44","45","46","47","48","49","50","51","52"],[30,32,36,37,38,39,40,41,42,43,44,45,46,47,48,49,50,51,52]],"deliveryProducts":{}}	2023-08-30 12:02:57
165	1	App\\Entity\\Delivery	24	{"weeks":[["25"],[25,35]],"deliveryProducts":{}}	2023-08-30 12:03:16
166	1	App\\Entity\\Delivery	28	{"weeks":[["25","26","27","28","29","30","31","32","33","34","35","36","37","38","39","40","41","42","43","44","45","46","47","48","49","50","51","52","53"],[25,26,27,28,29,30,31,32,33,34,36,37,38,39,40,41,42,43,44,45,46,47,48,49,50,51,52]],"deliveryProducts":{}}	2023-08-30 19:01:53
167	1	App\\Entity\\Delivery	115	{"weeks":[["32","33","34","35","36","37","38","39","40","41","42","43","44","45","46","47","48","49","50","51","52","53"],[32,33,34]],"deliveryProducts":{}}	2023-08-31 12:36:14
168	1	App\\Entity\\Delivery	146	{"weeks":[["35"],[35,39]],"deliveryProducts":{}}	2023-08-31 12:43:01
169	1	App\\Entity\\Delivery	118	{"weeks":[["32","35","36","37","38","39","40","41","42","43","44","45","46","47","48","49","50","51","52"],[32,35,36,37,38,39,40,41,42,46,47,48,49,50,51,52]],"deliveryProducts":{}}	2023-08-31 12:44:32
170	1	App\\Entity\\Delivery	47	{"weeks":[["27","36"],[27]],"deliveryProducts":{}}	2023-09-04 05:14:28
171	1	App\\Entity\\Delivery	123	{"weeks":[["33"],[33,36]],"deliveryProducts":{}}	2023-09-04 05:16:34
172	1	App\\Entity\\Delivery	70	{"weeks":[["30"],[30,37]],"deliveryProducts":{}}	2023-09-04 05:17:39
173	1	App\\Entity\\Delivery	120	{"weeks":[["34","36","37","38","39","40","41","42","43","44","45","46","47","48","49","50","51","52"],[34,36,37,38,39,40,41,42,43,44,45,46,47,48,49,50,51,52]],"deliveryProducts":{}}	2023-09-04 07:03:21
174	1	App\\Entity\\Delivery	82	{"weeks":[["30","32","36","37","38","39","40","41","42","43","44","45","46","47","48","49","50","51","52"],[30,32,36,37,38]],"deliveryProducts":{}}	2023-09-04 07:04:34
175	1	App\\Entity\\Delivery	127	{"weeks":[["35","36","37","38","39","40","41","42","43","44","45","46","47","48","49","50","51","52"],[35,36]],"deliveryProducts":{}}	2023-09-04 07:10:07
176	1	App\\Entity\\Product	14	[]	2023-09-04 07:14:52
177	1	App\\Entity\\Delivery	140	{"weeks":[["35","36","37","38","39","40","41","42","43","44","45","46","47","48","49","50","51","52","53"],[35,37,38,39,40,41,42,43,44,45,46,47,48,49,50,51,52]],"deliveryProducts":{}}	2023-09-04 11:29:09
178	1	App\\Entity\\Delivery	99	{"weeks":[["31","32","33","34","35","36","37","38","39","40","41","42","43","44","45","46","47","48","49","50","51","52"],[31,32,33,34,35,36,38,39,40,41,42,43,44,45,46,47,48,49,50,51,52]],"deliveryProducts":{}}	2023-09-05 09:19:03
179	1	App\\Entity\\Delivery	69	{"weeks":[["30","31","32","33","34","35","36","37","38","39","40","41","42","43","44","45","46","47","48","49","50","51","52"],[30,31,32,33,34,35,37,38,39,40,41,42,43,44,45,46,47,48,49,50,51,52]],"deliveryProducts":{}}	2023-09-05 09:22:27
180	1	App\\Entity\\Delivery	37	{"weeks":[["28","29","30","31","32","35","36","37","38","39","40","41","42","43","44","45","46","47","48","49","50","51","52"],[28,29,30,31,32,35,37,38,39,40,41,42,43,44,45,46,47,48,49,50,51,52]],"deliveryProducts":{}}	2023-09-05 09:24:22
181	1	App\\Entity\\Delivery	73	{"weeks":[["29","30","32","33","35","36","37","38","39","40","41","42","43","44","45","46","47","48","49","50","51","52"],[29,30,32,33,35,37,38,39,40,41,42,43,44,45,46,47,48,49,50,51,52]],"deliveryProducts":{}}	2023-09-05 14:24:09
182	1	App\\Entity\\Delivery	73	{"weeks":[["29","30","32","33","35","37","38","39","40","41","42","43","44","45","46","47","48","49","50","51","52"],[29,30,32,33,35,38,39,40,41,42,43,44,45,46,47,48,49,50,51,52]],"deliveryProducts":{}}	2023-09-05 14:24:23
183	1	App\\Entity\\Delivery	116	{"weeks":[["32","33","34","35","36","37","38","39","40","41","42","43","44","45","46","47","48","49","50","51","52","53"],[32,33,34,35,36,38,39,40,41,42,43,44,45,46,47,48,49,50,51,52]],"deliveryProducts":{}}	2023-09-06 10:25:16
184	1	App\\Entity\\Delivery	46	{"weeks":[["27","28","29","30","31","33","34","35","36","37","38","39","40","41","42","43","44","45","46","47","48","49","50","51","52"],[27,28,29,30,31,33,34,35,36,37,38,39,40,41,42,43,44,45,46,47,48,49,50,51,52]],"deliveryProducts":{}}	2023-09-06 10:29:48
185	1	App\\Entity\\Delivery	120	{"weeks":[["34","36","37","38","39","40","41","42","43","44","45","46","47","48","49","50","51","52"],[34,37,38,39,40,41,42,43,44,45,46,47,48,49,50,51,52]],"deliveryProducts":{}}	2023-09-06 10:33:45
186	1	App\\Entity\\Product	11	{"decigrams":[52,45]}	2023-09-06 10:38:47
187	1	App\\Entity\\Delivery	69	{"weeks":[["30","31","32","33","34","35","37","38","39","40","41","42","43","44","45","46","47","48","49","50","51","52"],[30,31,32,33,34,35]],"deliveryProducts":{}}	2023-09-06 10:39:18
188	1	App\\Entity\\Delivery	114	{"weeks":[["21","33","37","39","41","43","45","47","49","51"],[21,33]],"deliveryProducts":{}}	2023-09-06 10:45:14
189	1	App\\Entity\\Delivery	82	{"weeks":[["30","32","36","37","38"],[30,32]],"deliveryProducts":{}}	2023-09-06 11:11:08
190	1	App\\Entity\\Delivery	35	{"weeks":[["26","28","29","31","34"],[26,28,29,31,34,36,37]],"deliveryProducts":{}}	2023-09-06 11:11:50
191	1	App\\Entity\\Delivery	149	{"weeks":[["37","38","39","40","41","42","43","44","45","46","47","48","49","50","51","52"],[37,38,39,40,41,42,43,44,45,46,47,48,49,50,51,52]],"deliveryProducts":{}}	2023-09-06 11:20:08
192	1	App\\Entity\\Delivery	150	{"weeks":[["36"],[36]],"deliveryProducts":{}}	2023-09-07 14:31:23
193	1	App\\Entity\\Delivery	65	{"weeks":[["28","29","32","34"],[28,29,32,34,36]],"deliveryProducts":{}}	2023-09-07 14:31:46
194	1	App\\Entity\\Delivery	147	{"weeks":[["36","37","38","39","40","41","42","43","44","45","46","47","48","49","50","51","52","53"],[37,38,39,40,41,42,43,44,45,46,47,48,49,50,51,52]],"deliveryProducts":{}}	2023-09-07 14:37:41
195	1	App\\Entity\\Delivery	134	{"weeks":[["35","36","37","38","39","40","41","42","43","44","45","46","47","48","49","50","51","52","53"],[35,36]],"deliveryProducts":{}}	2023-09-07 14:39:39
196	1	App\\Entity\\Delivery	64	{"weeks":[["29","31","33","35","37","39","41","43","45","47","49","51"],[29,31,33,35,37,39,41,43,45,47,49,51]],"deliveryProducts":{}}	2023-09-07 14:50:45
197	1	App\\Entity\\Delivery	63	{"weeks":[["28","30","32","34","36","38","40","42","44","46","48","50","52"],[28,30,32,34,36,42,44,46,48,50,52]],"deliveryProducts":{}}	2023-09-07 14:51:43
198	1	App\\Entity\\Delivery	64	{"weeks":[["29","31","33","35","37","39","41","43","45","47","49","51"],[29,31,33,35,37,41,43,45,47,49,51]],"deliveryProducts":{}}	2023-09-07 14:52:05
199	1	App\\Entity\\Delivery	39	{"weeks":[["27","31","34","35"],[27,31,34,35,38]],"deliveryProducts":{}}	2023-09-09 06:55:55
200	1	App\\Entity\\User	68	{"username":["villa sandi","locanda sandi"],"fullName":["villa mandi","locanda sandi"]}	2023-09-09 07:02:18
201	1	App\\Entity\\Delivery	162	{"weeks":[["36"],[36,38,40,42,44,46,48,50,52]],"deliveryProducts":{}}	2023-09-09 07:43:19
202	1	App\\Entity\\User	8	{"fullName":["ciccio","ciccio\\/guerra"]}	2023-09-10 11:53:54
203	1	App\\Entity\\Delivery	31	{"weeks":[["25","26","27","28","29","31","33","35","36","37","38","39","40","41","42","43","44","45","46","47","48","49","50","51","52"],[25,26,27,28,29,31,33,35,36]],"deliveryProducts":{}}	2023-09-11 06:02:12
204	1	App\\Entity\\Delivery	140	{"weeks":[["35","37","38","39","40","41","42","43","44","45","46","47","48","49","50","51","52"],[35,38,39,40,41,42,43,44,45,46,47,48,49,50,51,52]],"deliveryProducts":{}}	2023-09-11 14:23:03
205	1	App\\Entity\\Delivery	107	{"weeks":[["31"],[31,37]],"deliveryProducts":{}}	2023-09-11 14:25:36
206	1	App\\Entity\\User	56	{"username":["capitello","capitello\\/p.c.p."]}	2023-09-11 15:37:24
207	1	App\\Entity\\User	49	{"fullName":["le betulle","le betulle\\/enrica"]}	2023-09-11 15:40:11
208	1	App\\Entity\\User	57	{"fullName":["le beccherie","le beccherie\\/lai di"]}	2023-09-11 15:42:32
209	1	App\\Entity\\Delivery	91	{"weeks":[["31","36","37","38","39","40","41","42","43","44","45","46","47","48","49","50","51","52"],[31,36,37,39,40,41,42,43,44,45,46,47,48,49,50,51,52]],"deliveryProducts":{}}	2023-09-12 08:35:28
210	1	App\\Entity\\Delivery	18	{"weeks":[["25","26","27","28","29","30","31","32","34","35","36","37","38","39","40","41","42","43","44","45","46","47","48","49","50","51","52"],[25,26,27,28,29,30,31,32,34,35,36,37,39,40,41,42,43,44,45,46,47,48,49,50,51,52]],"deliveryProducts":{}}	2023-09-12 08:35:51
211	1	App\\Entity\\Delivery	90	{"weeks":[["31","35","37","39","41","43","45","47","49","51"],[31,35,37]],"deliveryProducts":{}}	2023-09-12 08:36:16
212	1	App\\Entity\\Delivery	89	{"weeks":[["32","34","36","38","40","42","44","46","48","50","52"],[32,34,36]],"deliveryProducts":{}}	2023-09-12 08:36:24
213	1	App\\Entity\\Delivery	106	{"weeks":[["31"],[37,38,39,40,41,42,43,44,45,46,47,48,49,50,51,52,53]],"deliveryProducts":{}}	2023-09-12 15:01:44
214	1	App\\Entity\\Product	6	{"decigrams":[200,220]}	2023-09-12 15:05:59
216	1	App\\Entity\\Delivery	120	{"weeks":[["34","37","38","39","40","41","42","43","44","45","46","47","48","49","50","51","52"],[34]],"deliveryProducts":{}}	2023-09-14 13:59:31
217	1	App\\Entity\\User	69	{"zone":["treviso ","treviso"]}	2023-09-14 14:01:07
218	1	App\\Entity\\Delivery	147	{"weeks":[["37","38","39","40","41","42","43","44","45","46","47","48","49","50","51","52"],[38,39,40,41,42,43,44,45,46,47,48,49,50,51,52]],"deliveryProducts":{}}	2023-09-14 14:01:47
219	1	App\\Entity\\Delivery	28	{"weeks":[["25","26","27","28","29","30","31","32","33","34","36","37","38","39","40","41","42","43","44","45","46","47","48","49","50","51","52"],[25,26,27,28,29,30,31,32,33,34,36,37]],"deliveryProducts":{}}	2023-09-14 14:06:34
220	1	App\\Entity\\Delivery	39	{"weeks":[["27","31","34","35","38"],[27,31,34,35,38,39]],"deliveryProducts":{}}	2023-09-14 18:55:00
221	1	App\\Entity\\Delivery	158	{"weeks":[["36","37","38","39","40","41","42","43","44","45","46","47","48","49","50","51","52","53"],[36,37,39,40,41,42,43,44,45,46,47,48,49,50,51,52]],"deliveryProducts":{}}	2023-09-19 06:28:22
222	1	App\\Entity\\Delivery	86	{"weeks":[["30","32","33","35"],[30,32,33,35,38]],"deliveryProducts":{}}	2023-09-19 06:31:45
223	1	App\\Entity\\Delivery	140	{"weeks":[["35","38","39","40","41","42","43","44","45","46","47","48","49","50","51","52"],[35,39,40,41,42,43,44,45,46,47,48,49,50,51,52]],"deliveryProducts":{}}	2023-09-19 06:32:50
224	1	App\\Entity\\Delivery	168	{"weeks":[["37"],[37,38]],"deliveryProducts":{}}	2023-09-19 06:33:02
225	1	App\\Entity\\Delivery	104	{"weeks":[["32","33","35"],[32,33,35,38]],"deliveryProducts":{}}	2023-09-19 06:33:48
226	1	App\\Entity\\Delivery	164	{"weeks":[["37","38"],[37]],"deliveryProducts":{}}	2023-09-19 07:05:48
227	1	App\\Entity\\Delivery	136	{"weeks":[["36","37","38","39","40","41","42","43","44","45","46","47","48","49","50","51","52"],[36,37]],"deliveryProducts":{}}	2023-09-19 07:14:41
228	1	App\\Entity\\Delivery	181	{"deliveryWeekDay":[5,3],"weeks":[["38"],[38]],"deliveryProducts":{}}	2023-09-19 10:00:37
229	1	App\\Entity\\User	69	{"fullName":["med osteria","med osteria\\/ ql13 srl"]}	2023-09-20 07:24:46
230	1	App\\Entity\\Delivery	53	{"weeks":[["27"],[27]],"deliveryProducts":{}}	2023-09-20 07:48:53
231	1	App\\Entity\\Delivery	159	{"weeks":[["36","37","38","39","40","41","42","43","44","45","46","47","48","49","50","51","52","53"],[36]],"deliveryProducts":{}}	2023-09-22 05:56:17
232	1	App\\Entity\\Delivery	162	{"weeks":[["36","38","40","42","44","46","48","50","52"],[36,40,42,44,46,48,50,52]],"deliveryProducts":{}}	2023-09-22 05:57:09
233	1	App\\Entity\\Delivery	147	{"weeks":[["38","39","40","41","42","43","44","45","46","47","48","49","50","51","52"],[38,39,40,41,42,43,44,45,46,47,48,49,50,51,52,53]],"deliveryProducts":{}}	2023-09-22 06:00:30
234	1	App\\Entity\\Delivery	39	{"weeks":[["27","31","34","35","38","39"],[27,31,34,35,38]],"deliveryProducts":{}}	2023-09-22 06:03:03
235	1	App\\Entity\\Delivery	56	{"weeks":[["27","28","29","30","31","33","34","37","38","39","40","41","42","43","44","45","46","47","48","49","50","51","52"],[27,28,29,30,31,33,34,37,38,39,40,42,43,44,45,46,47,48,49,50,51,52]],"deliveryProducts":{}}	2023-09-22 06:05:38
236	1	App\\Entity\\Delivery	144	{"weeks":[["37","38","39","40","41","42","43","44","45","46","47","48","49","50","51","52"],[37,39,40,41,42,43,44,45,46,47,48,49,50,51,52]],"deliveryProducts":{}}	2023-09-22 06:07:30
237	1	App\\Entity\\Delivery	95	{"weeks":[["30","33"],[30,33,38]],"deliveryProducts":{}}	2023-09-22 06:09:34
238	1	App\\Entity\\Delivery	118	{"weeks":[["32","35","36","37","38","39","40","41","42","46","47","48","49","50","51","52"],[32,35,36,37,38,39,46,47,48,49,50,51,52]],"deliveryProducts":{}}	2023-09-22 06:10:30
239	1	App\\Entity\\Delivery	180	{"weeks":[["38","39","40","41","42","43","44","45","46","47","48","49","50","51","52","53"],[38]],"deliveryProducts":{}}	2023-09-22 06:12:13
240	1	App\\Entity\\Delivery	46	{"weeks":[["27","28","29","30","31","33","34","35","36","37","38","39","40","41","42","43","44","45","46","47","48","49","50","51","52"],[27,28,29,30,31,33,34,35,36,37,38]],"deliveryProducts":{}}	2023-09-22 06:12:40
241	1	App\\Entity\\Delivery	172	{"weeks":[["37","38","39","40","41","42","43","44","45","46","47","48","49","50","51","52","53"],[37,39,40,41,42,43,44,45,46,47,48,49,50,51,52]],"deliveryProducts":{}}	2023-09-22 06:15:14
242	1	App\\Entity\\Delivery	165	{"weeks":[["36","37","38","39","40","41","42","43","44","45","46","47","48","49","50","51","52","53"],[36,37,38]],"deliveryProducts":{}}	2023-09-22 07:05:59
243	1	App\\Entity\\Product	24	{"decigrams":[20,24]}	2023-09-24 09:00:21
244	1	App\\Entity\\Product	25	{"decigrams":[60,85]}	2023-09-24 09:00:45
245	1	App\\Entity\\Delivery	128	{"weeks":[["35","36","37","38","39","40","41","42","43","44","45","46","47","48","49","50","51","52"],[35,36,37,38,39]],"deliveryProducts":{}}	2023-09-24 09:02:40
246	1	App\\Entity\\Delivery	73	{"weeks":[["29","30","32","33","35","38","39","40","41","42","43","44","45","46","47","48","49","50","51","52"],[29,30,32,33,35,38,40,41,42,43,44,45,46,47,48,49,50,51,52]],"deliveryProducts":{}}	2023-09-25 08:20:18
247	1	App\\Entity\\Delivery	170	{"weeks":[["37"],[37,41,43,45,47,49,51]],"deliveryProducts":{}}	2023-09-25 09:03:23
248	1	App\\Entity\\Delivery	140	{"weeks":[["35","39","40","41","42","43","44","45","46","47","48","49","50","51","52"],[35,40,41,42,43,44,45,46,47,48,49,50,51,52]],"deliveryProducts":{}}	2023-09-25 09:06:37
249	1	App\\Entity\\Delivery	168	{"weeks":[["37","38"],[37,38,39]],"deliveryProducts":{}}	2023-09-25 09:06:53
250	1	App\\Entity\\User	73	{"fullName":["plenus","plenus\\/ ker srl"]}	2023-09-25 09:15:48
251	1	App\\Entity\\Delivery	166	{"weeks":[["37"],[37,39,41,43,45,47,49,51]],"deliveryProducts":{}}	2023-09-26 07:47:42
252	1	App\\Entity\\Delivery	104	{"weeks":[["32","33","35","38"],[32,33,35,38,39]],"deliveryProducts":{}}	2023-09-26 07:51:25
253	1	App\\Entity\\Product	1	{"decigrams":[80,70]}	2023-09-26 07:52:30
254	1	App\\Entity\\Product	15	{"decigrams":[80,70]}	2023-09-26 07:52:39
255	1	App\\Entity\\Product	11	{"decigrams":[45,40]}	2023-09-26 07:54:05
256	1	App\\Entity\\User	68	{"zone":["conegliano ","conegliano"]}	2023-09-26 07:56:02
257	1	App\\Entity\\Delivery	37	{"weeks":[["28","29","30","31","32","35","37","38","39","40","41","42","43","44","45","46","47","48","49","50","51","52"],[28,29,30,31,32,35,37,38,39,41,42,43,44,45,46,47,48,49,50,51,52]],"deliveryProducts":{}}	2023-09-26 08:28:22
258	1	App\\Entity\\Delivery	158	{"weeks":[["36","37","39","40","41","42","43","44","45","46","47","48","49","50","51","52"],[36,37,40,41,42,43,44,45,46,47,48,49,50,51,52]],"deliveryProducts":{}}	2023-09-26 10:15:14
259	1	App\\Entity\\Delivery	149	{"weeks":[["37","38","39","40","41","42","43","44","45","46","47","48","49","50","51","52"],[37,38,39,40,41,42,43,44,45,46,47,48,49,50,51,52]],"deliveryProducts":{}}	2023-09-27 07:09:10
260	1	App\\Entity\\Delivery	147	{"weeks":[["38","39","40","41","42","43","44","45","46","47","48","49","50","51","52","53"],[38]],"deliveryProducts":{}}	2023-09-27 07:09:51
261	1	App\\Entity\\Delivery	172	{"weeks":[["37","39","40","41","42","43","44","45","46","47","48","49","50","51","52"],[37]],"deliveryProducts":{}}	2023-09-27 07:19:28
262	1	App\\Entity\\Delivery	199	{"weeks":[["39","40","41","42","43","44","45","46","47","48","49","50","51","52","53"],[39]],"deliveryProducts":{}}	2023-09-27 07:20:25
263	1	App\\Entity\\Delivery	144	{"weeks":[["37","39","40","41","42","43","44","45","46","47","48","49","50","51","52"],[37,40,41,42,43,44,45,46,47,48,49,50,51,52]],"deliveryProducts":{}}	2023-09-27 11:54:49
264	1	App\\Entity\\User	76	{"zone":["conegliano","lignano"]}	2023-09-27 13:18:26
265	1	App\\Entity\\Delivery	53	{"weeks":[["27"],[27,39]],"deliveryProducts":{}}	2023-09-28 14:27:20
266	1	App\\Entity\\Delivery	79	{"weeks":[["31","33","35","37","39","41","43","45","47","49","51"],[31,33,35,37,39]],"deliveryProducts":{}}	2023-09-28 14:30:24
267	1	App\\Entity\\Delivery	182	{"weeks":[["38"],[38,40,42,44,46,48,50,52]],"deliveryProducts":{}}	2023-09-28 14:33:00
268	1	App\\Entity\\Delivery	194	{"weeks":[["39"],[39]],"deliveryProducts":{}}	2023-09-28 14:35:45
269	1	App\\Entity\\Delivery	199	{"weeks":[["39"],[39]],"deliveryProducts":{}}	2023-09-28 14:36:52
270	1	App\\Entity\\Product	5	{"decigrams":[56,50]}	2023-09-29 08:54:54
271	1	App\\Entity\\Product	2	{"decigrams":[12,9]}	2023-09-29 08:55:53
272	1	App\\Entity\\Product	25	{"days":[5,13]}	2023-09-29 08:58:32
273	1	App\\Entity\\Delivery	193	{"weeks":[["39"],[39,40,41,42,43,44,45,46,47,48,49,50,51,52,53]],"deliveryProducts":{}}	2023-09-29 08:59:42
274	1	App\\Entity\\Product	25	{"days":[13,11]}	2023-09-29 09:00:31
275	1	App\\Entity\\Delivery	86	{"weeks":[["30","32","33","35","38"],[30,32,33,35,38,40]],"deliveryProducts":{}}	2023-10-02 13:17:39
276	1	App\\Entity\\Delivery	140	{"weeks":[["35","40","41","42","43","44","45","46","47","48","49","50","51","52"],[35,41,42,43,44,45,46,47,48,49,50,51,52]],"deliveryProducts":{}}	2023-10-02 13:19:57
277	1	App\\Entity\\Delivery	168	{"weeks":[["37","38","39"],[37,38,39,40]],"deliveryProducts":{}}	2023-10-02 13:20:11
278	1	App\\Entity\\Delivery	192	{"weeks":[["39","40"],[39,41,43,45,47,49,51]],"deliveryProducts":{}}	2023-10-02 13:21:01
279	1	App\\Entity\\Delivery	146	{"weeks":[["35","39"],[35,39,40,41,42,43,44,45,46,47,48,49,50,51,52]],"deliveryProducts":{}}	2023-10-02 13:24:08
280	1	App\\Entity\\Delivery	149	{"weeks":[["37","38","39","40","41","42","43","44","45","46","47","48","49","50","51","52"],[37,38,39,40,42,43,44,45,46,47,48,49,50,51,52]],"deliveryProducts":{}}	2023-10-02 14:00:11
281	1	App\\Entity\\Delivery	126	{"weeks":[["34","35","36","37","38","39","40","41","42","43","44","45","46","47","48","49","50","51","52","53"],[34,35,36,37,38,39,40]],"deliveryProducts":{}}	2023-10-03 09:30:23
282	1	App\\Entity\\Delivery	104	{"weeks":[["32","33","35","38","39"],[32,33,35,38,39,41]],"deliveryProducts":{}}	2023-10-03 09:42:29
283	1	App\\Entity\\Delivery	126	{"weeks":[["34","35","36","37","38","39","40"],[34,35,36,37,38,39]],"deliveryProducts":{}}	2023-10-03 09:43:17
284	1	App\\Entity\\Delivery	213	{"weeks":[["41","42","43","44","45","46","47","48","49","50","51","52"],[40,41,42,43,44,45,46,47,48,49,50,51,52]],"deliveryProducts":{}}	2023-10-03 09:43:31
285	1	App\\Entity\\Delivery	149	{"weeks":[["37","38","39","40","42","43","44","45","46","47","48","49","50","51","52"],[37,38,39,40,41,42,43,44,45,46,47,48,49,50,51,52]],"deliveryProducts":{}}	2023-10-03 09:48:32
286	1	App\\Entity\\Delivery	110	{"weeks":[["31","33","35","37","39","41","43","45","47","49","51"],[31,33,35,37,39]],"deliveryProducts":{}}	2023-10-04 06:34:49
287	1	App\\Entity\\Delivery	149	{"weeks":[["37","38","39","40","41","42","43","44","45","46","47","48","49","50","51","52"],[37,38,39,40]],"deliveryProducts":{}}	2023-10-04 08:23:10
288	1	App\\Entity\\Delivery	218	{"notes":["12 samples + 4 gir-pis-san","aggiornata il 4 ottobre aggiunta bietola girasole pisello"],"weeks":[["41","42","43","44","45","46","47","48","49","50","51","52"],[41,42,43,44,45,46,47,48,49,50,51,52]],"deliveryProducts":{}}	2023-10-04 08:27:47
289	1	App\\Entity\\Delivery	202	{"weeks":[["40","41","42","43","44","45","46","47","48","49","50","51","52"],[41,42,43,44,45,46,47,48,49,50,51,52]],"deliveryProducts":{}}	2023-10-04 08:29:49
290	1	App\\Entity\\Delivery	191	{"weeks":[["39","40"],[39,40,41]],"deliveryProducts":{}}	2023-10-04 10:26:32
291	1	App\\Entity\\Delivery	179	{"weeks":[["39","40","41","42","43","44","45","46","47","48","49","50","51","52"],[39,40]],"deliveryProducts":{}}	2023-10-04 13:53:46
292	1	App\\Entity\\Delivery	1	{"weeks":[["27","28","29","30","31","32","34","35","36","37","38","39","40","41","42","43","44","45","46","47","48","49","50","51","52"],[27,28,29,30,31,32,34,35,36,37,38,41,42,43,44,45,46,47,48,49,50,51,52]],"deliveryProducts":{}}	2023-10-05 12:53:31
293	1	App\\Entity\\Delivery	187	{"weeks":[["41"],[41]],"deliveryProducts":{}}	2023-10-05 12:54:54
294	1	App\\Entity\\Delivery	144	{"weeks":[["37","40","41","42","43","44","45","46","47","48","49","50","51","52"],[37,41,42,43,44,45,46,47,48,49,50,51,52]],"deliveryProducts":{}}	2023-10-05 12:56:14
295	1	App\\Entity\\Delivery	182	{"weeks":[["38","40","42","44","46","48","50","52"],[38,41,42,44,46,48,50,52]],"deliveryProducts":{}}	2023-10-05 12:56:41
296	1	App\\Entity\\Delivery	95	{"weeks":[["30","33","38"],[30,33,38,40]],"deliveryProducts":{}}	2023-10-05 13:02:56
297	1	App\\Entity\\Delivery	191	{"weeks":[["39","40","41"],[39,41,42]],"deliveryProducts":{}}	2023-10-06 12:09:56
298	1	App\\Entity\\Delivery	208	{"weeks":[["41","43","45","47","49","51","53"],[41,43,45,47,49,51,53]],"deliveryProducts":{}}	2023-10-06 12:11:22
299	1	App\\Entity\\Delivery	224	{"harvestWeekDay":[0,6],"deliveryWeekDay":[0,6],"weeks":[["43"],[43]],"deliveryProducts":{}}	2023-10-06 12:20:45
300	1	App\\Entity\\User	77	{"username":["campioni verona","campioni verona domenica"],"fullName":["campioni verona","campioni verona domenica"]}	2023-10-06 12:23:30
301	1	App\\Entity\\User	79	{"username":["campioni Verona Sabato","campioni verona Sabato"],"fullName":["campioni Verona Sabato","campioni verona Sabato"]}	2023-10-06 12:23:46
302	1	App\\Entity\\Delivery	224	{"weeks":[["43"],[42]],"customer":[{},{}],"deliveryProducts":{}}	2023-10-06 12:24:36
303	45	App\\Entity\\Delivery	97	{"weeks":[["32","34","36","38","40","42","44","46","48","50","52"],[32,34,36,38,40,42,44,46,48,50,52]],"deliveryProducts":{}}	2023-10-06 15:25:07
304	1	App\\Entity\\Delivery	228	{"weeks":[["42"],[43,44,45,46,47,48,49,50,51,52]],"deliveryProducts":{}}	2023-10-08 10:00:17
305	1	App\\Entity\\Delivery	221	{"weeks":[["41"],[41]],"deliveryProducts":{}}	2023-10-08 10:01:45
306	1	App\\Entity\\Delivery	224	{"harvestWeekDay":[6,2],"deliveryWeekDay":[6,5],"weeks":[["42"],[42,43,44]],"deliveryProducts":{}}	2023-10-09 07:46:50
307	1	App\\Entity\\Delivery	167	{"weeks":[["37","38","39","40","41","42","43","44","45","46","47","48","49","50","51","52","53"],[37,38,39,40,42,43,44,45,46,47,48,49,50,51,52]],"deliveryProducts":{}}	2023-10-09 07:50:04
308	1	App\\Entity\\Delivery	224	{"weeks":[["42","43","44"],[43,44]],"deliveryProducts":{}}	2023-10-09 08:04:20
309	1	App\\Entity\\Delivery	224	{"weeks":[["43","44"],[42,43,44]],"deliveryProducts":{}}	2023-10-09 08:06:27
310	1	App\\Entity\\Delivery	196	{"weeks":[["39","40","41","42","43","44","45","46","47","48","49","50","51","52","53"],[39,40,41,42,43,44,45,46,47,48,49,50,51,52,53]],"deliveryProducts":{}}	2023-10-09 08:17:14
311	1	App\\Entity\\Delivery	91	{"weeks":[["31","36","37","39","40","41","42","43","44","45","46","47","48","49","50","51","52"],[31,36,37,39,40]],"deliveryProducts":{}}	2023-10-09 08:18:12
312	1	App\\Entity\\Delivery	117	{"weeks":[["33","34","35","36","37","38","39","40","41","42","43","44","45","46","47","48","49","50","51","52"],[33,34,35,36,37,38,39,40]],"deliveryProducts":{}}	2023-10-09 08:19:01
313	1	App\\Entity\\Delivery	140	{"weeks":[["35","41","42","43","44","45","46","47","48","49","50","51","52"],[35]],"deliveryProducts":{}}	2023-10-09 08:29:29
314	1	App\\Entity\\Delivery	234	{"weeks":[["41","42","43","44","45","46","47","48","49","50","51","52","53"],[41,42,43,44,45,46,47,48,49,50,51,52,53]],"deliveryProducts":{}}	2023-10-09 09:27:58
315	1	App\\Entity\\Delivery	196	{"deliveryWeekDay":[2,3],"weeks":[["39","40","41","42","43","44","45","46","47","48","49","50","51","52","53"],[39,40,41,42,43,44,45,46,47,48,49,50,51,52,53]],"deliveryProducts":{}}	2023-10-10 06:05:06
316	1	App\\Entity\\Delivery	39	{"deliveryWeekDay":[2,3],"weeks":[["27","31","34","35","38"],[27,31,34,35,38]],"deliveryProducts":{}}	2023-10-10 06:05:34
317	1	App\\Entity\\Delivery	198	{"deliveryWeekDay":[2,3],"weeks":[["41"],[41]],"deliveryProducts":{}}	2023-10-10 06:05:47
318	1	App\\Entity\\User	4	{"zone":["belluno","feltre"]}	2023-10-10 06:08:58
319	1	App\\Entity\\Delivery	236	{"weeks":[["42","44","46","48","50","52"],[40,42,44,46,48,50,52]],"deliveryProducts":{}}	2023-10-10 12:31:53
320	1	App\\Entity\\Delivery	113	{"weeks":[["32","33","34","35","36","37","38","39","40","41","42","43","44","45","46","47","48","49","50","51","52","53"],[32,33,34,35,36,37,38,39,40,42,43,44,45,46,47,48,49,50,51,52]],"deliveryProducts":{}}	2023-10-10 12:34:46
321	1	App\\Entity\\Delivery	216	{"weeks":[["40","41","42","43","44","45","46","47","48","49","50","51","52","53"],[40,42,43,44,45,46,47,48,49,50,51,52]],"deliveryProducts":{}}	2023-10-10 12:54:18
322	1	App\\Entity\\Delivery	210	{"weeks":[["40"],[40,42,44,46,48,50,52]],"deliveryProducts":{}}	2023-10-10 13:06:43
323	1	App\\Entity\\Delivery	106	{"weeks":[["37","38","39","40","41","42","43","44","45","46","47","48","49","50","51","52","53"],[37,38,39,40,42,43,44,45,46,47,48,49,50,51,52]],"deliveryProducts":{}}	2023-10-10 13:18:50
324	1	App\\Entity\\Delivery	207	{"weeks":[["40"],[40,42]],"deliveryProducts":{}}	2023-10-10 13:26:35
325	1	App\\Entity\\Delivery	212	{"weeks":[["40"],[40,42]],"deliveryProducts":{}}	2023-10-10 13:27:33
326	1	App\\Entity\\Delivery	64	{"weeks":[["29","31","33","35","37","41","43","45","47","49","51"],[29,31,33,35,37,43,45,47,49,51]],"deliveryProducts":{}}	2023-10-11 05:57:28
327	1	App\\Entity\\Delivery	52	{"weeks":[["31","32","33","34","35","36","37","38","39","40","41","42","43","44","45","46","47","48","49","50","51","52"],[31,32,33,34,35,36,37,38,39,40,41]],"deliveryProducts":{}}	2023-10-11 07:49:34
328	1	App\\Entity\\Delivery	204	{"weeks":[["40","41","42","43","44","45","46","47","48","49","50","51","52"],[41,42,43,44,45,46,47,48,49,50,51,52,53]],"deliveryProducts":{}}	2023-10-11 07:52:02
329	1	App\\Entity\\Delivery	191	{"weeks":[["39","41","42"],[39,42,43,44,45,46,47,48,49,50,51,52]],"deliveryProducts":{}}	2023-10-12 13:02:05
330	1	App\\Entity\\Delivery	192	{"weeks":[["39","41","43","45","47","49","51"],[39]],"deliveryProducts":{}}	2023-10-12 13:04:12
331	1	App\\Entity\\Delivery	146	{"weeks":[["35","39","40","41","42","43","44","45","46","47","48","49","50","51","52"],[35,39,40,43,44,45,46,47,48,49,50,51,52]],"deliveryProducts":{}}	2023-10-12 13:05:07
332	1	App\\Entity\\Delivery	170	{"weeks":[["37","41","43","45","47","49","51"],[37]],"deliveryProducts":{}}	2023-10-12 13:16:25
333	1	App\\Entity\\Delivery	223	{"weeks":[["40"],[40,41]],"deliveryProducts":{}}	2023-10-12 13:16:35
334	1	App\\Entity\\Delivery	200	{"weeks":[["40","41","42","43","44","45","46","47","48","49","50","51","52"],[40]],"deliveryProducts":{}}	2023-10-12 13:18:39
335	1	App\\Entity\\Delivery	239	{"weeks":[["41","42","43","44","45","46","47","48","49","50","51","52","53"],[41,42,43,44,45,46,47,48,49,50,51,52,53]],"deliveryProducts":{}}	2023-10-12 13:30:13
336	1	App\\Entity\\Delivery	144	{"weeks":[["37","41","42","43","44","45","46","47","48","49","50","51","52"],[37]],"deliveryProducts":{}}	2023-10-12 13:30:59
337	1	App\\Entity\\Delivery	182	{"weeks":[["38","41","42","44","46","48","50","52"],[38]],"deliveryProducts":{}}	2023-10-12 13:49:55
338	1	App\\Entity\\Delivery	243	{"weeks":[["41"],[41]],"deliveryProducts":{}}	2023-10-12 13:56:36
339	1	App\\Entity\\Delivery	203	{"weeks":[["39"],[39,42,43,44,45,46,47,48,49,50,51,52]],"deliveryProducts":{}}	2023-10-12 16:28:00
340	1	App\\Entity\\Delivery	193	{"weeks":[["39","40","41","42","43","44","45","46","47","48","49","50","51","52","53"],[39,40,41]],"deliveryProducts":{}}	2023-10-15 15:46:55
341	1	App\\Entity\\Delivery	190	{"weeks":[["39","40","41","42","43","44","45","46","47","48","49","50","51","52"],[39,40,41,43,44,45,46,47,48,49,50,51,52]],"deliveryProducts":{}}	2023-10-15 15:48:45
342	1	App\\Entity\\Delivery	112	{"weeks":[["32","33","34","35","36","37","38","39","40","41","42","43","44","45","46","47","48","49","50","51","52"],[32,33,34,35,36,37,38,39,40,41,43,44,45,46,47,48,49,50,51,52]],"deliveryProducts":{}}	2023-10-16 08:09:55
343	1	App\\Entity\\Delivery	113	{"weeks":[["32","33","34","35","36","37","38","39","40","42","43","44","45","46","47","48","49","50","51","52"],[32,33,34,35,36,37,38,39,40,43,44,45,46,47,48,49,50,51,52]],"deliveryProducts":{}}	2023-10-17 16:21:56
344	1	App\\Entity\\Delivery	191	{"weeks":[["39","42","43","44","45","46","47","48","49","50","51","52"],[39]],"deliveryProducts":{}}	2023-10-17 16:22:53
345	1	App\\Entity\\Delivery	212	{"weeks":[["40","42"],[40]],"deliveryProducts":{}}	2023-10-17 16:23:59
346	1	App\\Entity\\Delivery	175	{"weeks":[["38","39","40","41","42","43","44","45","46","47","48","49","50","51","52"],[38,39,40,41,43,44,45,46,47,48,49,50,51,52]],"deliveryProducts":{}}	2023-10-17 16:33:47
347	1	App\\Entity\\Delivery	158	{"weeks":[["36","37","40","41","42","43","44","45","46","47","48","49","50","51","52"],[36,37,40,41,42,46,47,48,49,50,51,52]],"deliveryProducts":{}}	2023-10-17 16:35:23
348	1	App\\Entity\\Delivery	22	{"weeks":[["26","28","32","34","36","38","40","42","44","46","48","50","52"],[26,28,32,34,36,38,40,44,46,48,50,52]],"deliveryProducts":{}}	2023-10-17 16:36:48
349	1	App\\Entity\\Delivery	216	{"weeks":[["40","42","43","44","45","46","47","48","49","50","51","52"],[40,43,44,45,46,47,48,49,50,51,52]],"deliveryProducts":{}}	2023-10-17 16:54:46
350	1	App\\Entity\\Delivery	237	{"weeks":[["41"],[41,42]],"deliveryProducts":{}}	2023-10-17 16:55:05
405	1	App\\Entity\\Delivery	98	{"weeks":[["32","33","34","35"],[32,33,34,35,43,44,45,46,47,48,49,50,51,52]],"deliveryProducts":{}}	2023-10-25 08:29:55
351	1	App\\Entity\\Delivery	37	{"weeks":[["28","29","30","31","32","35","37","38","39","41","42","43","44","45","46","47","48","49","50","51","52"],[28,29,30,31,32,35,37,38,39,41,43,44,45,46,47,48,49,50,51,52]],"deliveryProducts":{}}	2023-10-17 16:56:16
352	1	App\\Entity\\Delivery	247	{"weeks":[["42","44","46","48","50","52"],[42,44,46,48,50,52]],"deliveryProducts":{}}	2023-10-17 17:03:23
353	1	App\\Entity\\Delivery	99	{"weeks":[["31","32","33","34","35","36","38","39","40","41","42","43","44","45","46","47","48","49","50","51","52"],[31,32,33,34,35,36,38,39,40,41,42]],"deliveryProducts":{}}	2023-10-17 17:38:34
354	1	App\\Entity\\Delivery	234	{"weeks":[["41","42","43","44","45","46","47","48","49","50","51","52","53"],[41,43,44,45,46,47,48,49,50,51,52]],"deliveryProducts":{}}	2023-10-18 06:34:53
355	1	App\\Entity\\Delivery	224	{"weeks":[["42","43","44"],[42]],"deliveryProducts":{}}	2023-10-18 06:54:54
356	1	App\\Entity\\Delivery	218	{"weeks":[["41","42","43","44","45","46","47","48","49","50","51","52"],[41,42]],"deliveryProducts":{}}	2023-10-18 06:59:24
357	1	App\\Entity\\User	83	{"username":["campionari","8 campionari"]}	2023-10-18 07:07:34
358	1	App\\Entity\\User	79	{"username":["campioni verona Sabato","8 campioni verona"],"fullName":["campioni verona Sabato","8 campioni verona"]}	2023-10-18 07:08:07
359	1	App\\Entity\\User	83	{"fullName":["campionari","8 campionari"],"zone":["treviso-pordenone","campioni treviso-pordenone"]}	2023-10-18 07:09:37
360	1	App\\Entity\\User	79	{"username":["8 campioni verona","8 campionari verona"],"fullName":["8 campioni verona","8 campionari verona"],"zone":["verona","campionari verona"]}	2023-10-18 07:10:03
361	1	App\\Entity\\User	83	{"zone":["campioni treviso-pordenone","campionari treviso-pordenone"]}	2023-10-18 07:10:13
362	1	App\\Entity\\Delivery	242	{"weeks":[["41","42","43","44","45","46","47","48","49","50","51","52","53"],[41,43,44,45,46,47,48,49,50,51,52]],"deliveryProducts":{}}	2023-10-18 07:11:22
363	1	App\\Entity\\User	85	{"zone":[null,"prodotti extra"]}	2023-10-18 07:31:25
364	1	App\\Entity\\Delivery	202	{"weeks":[["41","42","43","44","45","46","47","48","49","50","51","52"],[41]],"deliveryProducts":{}}	2023-10-18 07:35:44
365	45	App\\Entity\\Product	9	[]	2023-10-18 07:55:02
366	45	App\\Entity\\Product	9	[]	2023-10-18 07:55:17
367	45	App\\Entity\\Product	9	[]	2023-10-18 07:55:50
368	45	App\\Entity\\Product	13	[]	2023-10-18 07:58:24
369	45	App\\Entity\\Product	9	[]	2023-10-18 08:08:42
370	45	App\\Entity\\Product	10	[]	2023-10-18 08:08:57
371	45	App\\Entity\\Product	13	[]	2023-10-18 08:09:03
372	45	App\\Entity\\Product	17	[]	2023-10-18 08:09:10
373	45	App\\Entity\\Product	2	[]	2023-10-18 08:09:15
374	1	App\\Entity\\Delivery	239	{"weeks":[["41","42","43","44","45","46","47","48","49","50","51","52","53"],[41,43,44,45,46,47,48,49,50,51,52]],"deliveryProducts":{}}	2023-10-18 16:24:03
375	1	App\\Entity\\Delivery	243	{"weeks":[["41"],[41,42,43,44,45,46,47,48,49,50,51,52]],"deliveryProducts":{}}	2023-10-18 16:31:25
376	1	App\\Entity\\Delivery	204	{"weeks":[["41","42","43","44","45","46","47","48","49","50","51","52","53"],[41,43,44,45,46,47,48,49,50,51,52]],"deliveryProducts":{}}	2023-10-18 17:08:28
377	1	App\\Entity\\Delivery	95	{"weeks":[["30","33","38","40"],[30,33,38,40,42]],"deliveryProducts":{}}	2023-10-19 14:08:24
378	1	App\\Entity\\Delivery	232	{"weeks":[["41","42","43","44","45","46","47","48","49","50","51","52","53"],[41,42,43,45,46,47,48,49,50,51,52]],"deliveryProducts":{}}	2023-10-19 14:18:40
379	1	App\\Entity\\User	82	{"username":["vecio morer","antico morer"],"fullName":["vecio morer","antico morer"]}	2023-10-19 14:28:40
380	1	App\\Entity\\User	80	{"fullName":["c\\u00e0 busatti","bigal busato \\/c\\u00e0 busatti"]}	2023-10-19 14:36:45
381	1	App\\Entity\\Delivery	162	{"weeks":[["36","40","42","44","46","48","50","52"],[36,40,42,46,48,50,52]],"deliveryProducts":{}}	2023-10-20 13:32:04
382	1	App\\Entity\\User	75	{"username":["fausto","studio 11\\/fausto"],"fullName":["fausto","studio 11\\/fausto"]}	2023-10-20 13:41:57
383	1	App\\Entity\\Delivery	254	{"weeks":[["42","43"],[42]],"deliveryProducts":{}}	2023-10-20 13:42:38
384	1	App\\Entity\\Delivery	255	{"weeks":[["43","44","45","46","47","48","49","50","51","52"],[43,44,45,46,47,48,49,50,51,52]],"deliveryProducts":{}}	2023-10-20 13:46:57
385	1	App\\Entity\\Product	27	{"decigrams":[70,65]}	2023-10-21 14:09:43
386	1	App\\Entity\\Delivery	234	{"weeks":[["41","43","44","45","46","47","48","49","50","51","52"],[41]],"deliveryProducts":{}}	2023-10-24 06:14:07
387	1	App\\Entity\\Delivery	196	{"weeks":[["39","40","41","42","43","44","45","46","47","48","49","50","51","52","53"],[39,40,41,42,44,45,46,47,48,49,50,51,52]],"deliveryProducts":{}}	2023-10-24 06:15:12
388	1	App\\Entity\\Delivery	137	{"weeks":[["35"],[35,43]],"deliveryProducts":{}}	2023-10-24 06:16:17
389	1	App\\Entity\\Delivery	113	{"weeks":[["32","33","34","35","36","37","38","39","40","43","44","45","46","47","48","49","50","51","52"],[32,33,34,35,36,37,38,39,40,44,45,46,47,48,49,50,51,52]],"deliveryProducts":{}}	2023-10-24 06:17:34
390	1	App\\Entity\\Delivery	226	{"weeks":[["43"],[43]],"deliveryProducts":{}}	2023-10-24 06:33:03
391	1	App\\Entity\\Delivery	222	{"weeks":[["41","42","43","44","45","46","47","48","49","50","51","52"],[41,42,44,45,46,47,48,49,50,51,52]],"deliveryProducts":{}}	2023-10-24 06:39:05
392	1	App\\Entity\\Delivery	146	{"weeks":[["35","39","40","43","44","45","46","47","48","49","50","51","52"],[35,39,40,45,46,47,48,49,50,51,52]],"deliveryProducts":{}}	2023-10-24 06:47:34
393	1	App\\Entity\\Delivery	216	{"weeks":[["40","43","44","45","46","47","48","49","50","51","52"],[40,44,45,46,47,48,49,50,51,52]],"deliveryProducts":{}}	2023-10-24 07:01:40
394	1	App\\Entity\\Product	2	{"days":[11,14]}	2023-10-24 09:15:56
395	1	App\\Entity\\Product	3	{"days":[7,8]}	2023-10-24 09:16:21
396	1	App\\Entity\\Product	7	{"days":[13,15]}	2023-10-24 09:17:39
397	1	App\\Entity\\Delivery	104	{"weeks":[["32","33","35","38","39","41"],[32,33,35,38,39,41,43]],"deliveryProducts":{}}	2023-10-24 11:58:05
398	1	App\\Entity\\Product	24	[]	2023-10-24 12:41:17
399	1	App\\Entity\\Product	24	[]	2023-10-24 12:41:49
400	1	App\\Entity\\Product	4	[]	2023-10-24 15:46:54
401	1	App\\Entity\\Delivery	243	{"weeks":[["41","42","43","44","45","46","47","48","49","50","51","52"],[41,42]],"deliveryProducts":{}}	2023-10-25 05:45:37
402	1	App\\Entity\\Delivery	106	{"weeks":[["37","38","39","40","42","43","44","45","46","47","48","49","50","51","52"],[37,38,39,40,42,44,45,46,47,48,49,50,51,52]],"deliveryProducts":{}}	2023-10-25 05:47:03
403	1	App\\Entity\\Delivery	260	{"weeks":[["42","43","44","45","46","47","48","49","50","51","52","53"],[42]],"deliveryProducts":{}}	2023-10-25 05:47:52
404	1	App\\Entity\\Delivery	231	{"weeks":[["41","42","43","44","45","46","47","48","49","50","51","52","53"],[41,42]],"deliveryProducts":{}}	2023-10-25 08:28:58
406	1	App\\Entity\\Delivery	233	{"weeks":[["41","42","43","44","45","46","47","48","49","50","51","52","53"],[41,42,44,45,46,47,48,49,50,51,52]],"deliveryProducts":{}}	2023-10-25 08:30:40
407	1	App\\Entity\\Delivery	256	{"weeks":[["42","43","44","45","46","47","48","49","50","51","52","53"],[42]],"deliveryProducts":{}}	2023-10-25 09:30:14
408	1	App\\Entity\\Delivery	255	{"weeks":[["43","44","45","46","47","48","49","50","51","52"],[43,44,45,46,47,48,49,50,51,52]],"deliveryProducts":{}}	2023-10-25 09:36:10
409	1	App\\Entity\\Delivery	98	{"deliveryWeekDay":[2,4],"weeks":[["32","33","34","35","43","44","45","46","47","48","49","50","51","52"],[32,33,34,35,43,44,45,46,47,48,49,50,51,52]],"deliveryProducts":{}}	2023-10-25 17:57:03
410	1	App\\Entity\\Delivery	242	{"weeks":[["41","43","44","45","46","47","48","49","50","51","52"],[41,44,45,46,47,48,49,50,51,52]],"deliveryProducts":{}}	2023-10-26 06:33:19
411	1	App\\Entity\\Delivery	239	{"weeks":[["41","43","44","45","46","47","48","49","50","51","52"],[41,44,45,46,47,48,49,50,51,52]],"deliveryProducts":{}}	2023-10-26 06:34:24
412	1	App\\Entity\\Delivery	112	{"weeks":[["32","33","34","35","36","37","38","39","40","41","43","44","45","46","47","48","49","50","51","52"],[43]],"deliveryProducts":{}}	2023-10-26 06:52:43
413	1	App\\Entity\\Delivery	112	{"weeks":[["43"],[36,37,38,39,40,41,43]],"deliveryProducts":{}}	2023-10-26 06:54:39
414	1	App\\Entity\\Delivery	112	{"weeks":[["36","37","38","39","40","41","43"],[32,33,34,35,36,37,38,39,40,41,43]],"deliveryProducts":{}}	2023-10-26 06:54:58
415	1	App\\Entity\\User	88	{"fullName":["c\\u00e0 naonis","c\\u00e0 naonis\\/lot luca"]}	2023-10-26 07:20:31
416	1	App\\Entity\\Delivery	203	{"weeks":[["39","42","43","44","45","46","47","48","49","50","51","52"],[39,42]],"deliveryProducts":{}}	2023-10-26 14:06:34
417	1	App\\Entity\\Delivery	268	{"weeks":[["43","44","45","46","47","48","49","50","51","52","53"],[43,44,45,46,47,48,49,50,51,52,53]],"deliveryProducts":{}}	2023-10-26 14:14:57
418	1	App\\Entity\\Delivery	252	{"weeks":[["43","44","45","46","47","48","49","50","51","52"],[43]],"deliveryProducts":{}}	2023-10-26 16:10:31
419	1	App\\Entity\\Delivery	252	{"weeks":[["43"],[43,44]],"deliveryProducts":{}}	2023-10-26 16:11:15
420	1	App\\Entity\\Delivery	12	{"weeks":[["25","27","29","31","33","35","37","39","41","43","45","47","49","51"],[25,27,29,31,33,35,37,39,41,43]],"deliveryProducts":{}}	2023-10-27 06:17:11
421	1	App\\Entity\\Delivery	208	{"weeks":[["41","43","45","47","49","51","53"],[41]],"deliveryProducts":{}}	2023-10-27 06:33:39
422	1	App\\Entity\\User	56	{"username":["capitello\\/p.c.p.","capitello"],"fullName":["capitello","capitello\\/p.c.p."]}	2023-10-27 06:36:32
423	1	App\\Entity\\Delivery	259	{"weeks":[["44"],[44]],"deliveryProducts":{}}	2023-10-27 06:38:09
424	1	App\\Entity\\Product	12	{"decigrams":[50,40]}	2023-10-27 09:37:14
425	1	App\\Entity\\Delivery	64	{"weeks":[["29","31","33","35","37","43","45","47","49","51"],[29,31,33,35,37,43]],"deliveryProducts":{}}	2023-10-30 11:07:20
426	1	App\\Entity\\Delivery	63	{"weeks":[["28","30","32","34","36","42","44","46","48","50","52"],[28,30,32,34,36,42]],"deliveryProducts":{}}	2023-10-30 11:07:39
427	1	App\\Entity\\Delivery	233	{"weeks":[["41","42","44","45","46","47","48","49","50","51","52"],[41,42,45,46,47,48,49,50,51,52]],"deliveryProducts":{}}	2023-10-30 11:08:12
428	1	App\\Entity\\Delivery	272	{"weeks":[["43"],[43,44]],"deliveryProducts":{}}	2023-10-30 11:08:52
429	1	App\\Entity\\Delivery	113	{"weeks":[["32","33","34","35","36","37","38","39","40","44","45","46","47","48","49","50","51","52"],[32,33,34,35,36,37,38,39,40]],"deliveryProducts":{}}	2023-10-30 11:22:08
430	1	App\\Entity\\Delivery	264	{"weeks":[["43","45","47","49","51","53"],[43]],"deliveryProducts":{}}	2023-10-30 11:25:38
431	1	App\\Entity\\Delivery	234	{"weeks":[["41"],[41,44,45,46,47,48,49,50,51,52]],"deliveryProducts":{}}	2023-10-30 11:26:00
432	1	App\\Entity\\Delivery	73	{"weeks":[["29","30","32","33","35","38","40","41","42","43","44","45","46","47","48","49","50","51","52"],[29,30,32,33,35,38,40,41,42,43,45,46,47,48,49,50,51,52]],"deliveryProducts":{}}	2023-10-31 06:55:52
433	1	App\\Entity\\Delivery	216	{"weeks":[["40","44","45","46","47","48","49","50","51","52"],[40]],"deliveryProducts":{}}	2023-10-31 06:58:01
434	1	App\\Entity\\Delivery	237	{"weeks":[["41","42"],[41,42,44,45,46,47,48,49,50,51,52]],"deliveryProducts":{}}	2023-10-31 06:59:08
435	1	App\\Entity\\Delivery	250	{"weeks":[["43","44","45","46","47","48","49","50","51","52"],[43]],"deliveryProducts":{}}	2023-10-31 07:05:45
436	1	App\\Entity\\Delivery	104	{"weeks":[["32","33","35","38","39","41","43"],[32,33,35,38,39,41,43,45]],"deliveryProducts":{}}	2023-10-31 07:19:07
437	1	App\\Entity\\Delivery	247	{"weeks":[["42","44","46","48","50","52"],[42,46,48,50,52]],"deliveryProducts":{}}	2023-10-31 11:05:38
438	1	App\\Entity\\Product	24	{"days":[11,10]}	2023-10-31 11:09:21
439	1	App\\Entity\\Delivery	242	{"weeks":[["41","44","45","46","47","48","49","50","51","52"],[41,45,46,47,48,49,50,51,52]],"deliveryProducts":{}}	2023-11-01 12:53:00
440	1	App\\Entity\\User	84	{"fullName":["sostansa","sostansa\\/stefano sacilotto"]}	2023-11-01 14:07:54
441	1	App\\Entity\\Delivery	175	{"weeks":[["38","39","40","41","43","44","45","46","47","48","49","50","51","52"],[38,39,40,41,43,49,50,51,52]],"deliveryProducts":{}}	2023-11-02 14:51:59
442	1	App\\Entity\\Delivery	239	{"weeks":[["41","44","45","46","47","48","49","50","51","52"],[41]],"deliveryProducts":{}}	2023-11-02 14:52:28
443	1	App\\Entity\\Delivery	270	{"weeks":[["43","44","45","46","47","48","49","50","51","52","53"],[43,44]],"deliveryProducts":{}}	2023-11-02 14:53:10
444	1	App\\Entity\\Delivery	269	{"weeks":[["43","44","45","46","47","48","49","50","51","52","53"],[43,45,46,47,48,49,50,51,52]],"deliveryProducts":{}}	2023-11-02 14:54:36
445	1	App\\Entity\\Delivery	271	{"weeks":[["43","44","45","46","47","48","49","50","51","52","53"],[43,45,46,47,48,49,50,51,52]],"deliveryProducts":{}}	2023-11-02 14:55:17
446	1	App\\Entity\\Delivery	274	{"weeks":[["44","45","46","47","48","49","50","51","52"],[44]],"deliveryProducts":{}}	2023-11-02 14:56:58
447	1	App\\Entity\\Delivery	291	{"weeks":[["45"],[44]],"deliveryProducts":{}}	2023-11-02 14:59:17
448	1	App\\Entity\\Delivery	281	{"weeks":[["45","46","47","48","49","50","51","52"],[40]],"deliveryProducts":{}}	2023-11-02 15:15:18
449	1	App\\Entity\\Delivery	268	{"weeks":[["43","44","45","46","47","48","49","50","51","52","53"],[43]],"deliveryProducts":{}}	2023-11-02 15:17:35
450	1	App\\Entity\\Product	11	{"decigrams":[40,50]}	2023-11-02 16:59:07
451	1	App\\Entity\\Delivery	271	{"weeks":[["43","45","46","47","48","49","50","51","52"],[43,45,47,49,51]],"deliveryProducts":{}}	2023-11-03 14:04:01
452	1	App\\Entity\\Delivery	247	{"weeks":[["42","46","48","50","52"],[45,46,47,48,49,50,51,52]],"deliveryProducts":{}}	2023-11-03 14:05:20
453	1	App\\Entity\\Delivery	255	{"weeks":[["43","44","45","46","47","48","49","50","51","52"],[43,44]],"deliveryProducts":{}}	2023-11-03 14:06:17
560	1	App\\Entity\\Delivery	325	{"weeks":[["48","50","52"],[50,52]],"deliveryProducts":{}}	2023-11-20 10:59:59
454	1	App\\Entity\\Delivery	251	{"weeks":[["44","45","46","47","48","49","50","51","52"],[44]],"deliveryProducts":{}}	2023-11-03 14:13:21
455	1	App\\Entity\\Delivery	233	{"weeks":[["41","42","45","46","47","48","49","50","51","52"],[41,42]],"deliveryProducts":{}}	2023-11-06 13:33:12
456	1	App\\Entity\\Delivery	56	{"weeks":[["27","28","29","30","31","33","34","37","38","39","40","42","43","44","45","46","47","48","49","50","51","52"],[27,28,29,30,31,33,34,37,38,39,40,42,43,44,46,47,48,49,50,51,52]],"deliveryProducts":{}}	2023-11-06 16:41:18
457	1	App\\Entity\\Product	27	{"days":[11,16]}	2023-11-07 07:44:30
458	1	App\\Entity\\Product	27	{"days":[16,15]}	2023-11-07 07:45:45
459	1	App\\Entity\\Delivery	196	{"weeks":[["39","40","41","42","44","45","46","47","48","49","50","51","52"],[39,40,41,42,44,46,47,48,49,50,51,52]],"deliveryProducts":{}}	2023-11-07 10:14:18
460	1	App\\Entity\\Delivery	217	{"weeks":[["40"],[40,45]],"deliveryProducts":{}}	2023-11-07 10:22:13
461	1	App\\Entity\\Delivery	234	{"weeks":[["41","44","45","46","47","48","49","50","51","52"],[41,44,46,48,49,51]],"deliveryProducts":{}}	2023-11-07 10:22:56
462	1	App\\Entity\\Delivery	242	{"weeks":[["41","45","46","47","48","49","50","51","52"],[41,47,48,49,50,51,52]],"deliveryProducts":{}}	2023-11-07 10:25:10
463	1	App\\Entity\\Delivery	271	{"weeks":[["43","45","47","49","51"],[43]],"deliveryProducts":{}}	2023-11-07 13:15:44
464	1	App\\Entity\\Delivery	152	{"weeks":[["36","37","38","39","40","41","42","43","44","45","46","47","48","49","50","51","52","53"],[36,37,38,39,40,41,42,43,44,45]],"deliveryProducts":{}}	2023-11-07 13:16:42
465	1	App\\Entity\\Delivery	73	{"weeks":[["29","30","32","33","35","38","40","41","42","43","45","46","47","48","49","50","51","52"],[29,30,32,33,35,38,40,41,42,43]],"deliveryProducts":{}}	2023-11-07 13:35:27
466	1	App\\Entity\\Delivery	237	{"weeks":[["41","42","44","45","46","47","48","49","50","51","52"],[41,42,44,45]],"deliveryProducts":{}}	2023-11-07 18:31:18
467	1	App\\Entity\\Delivery	213	{"weeks":[["40","41","42","43","44","45","46","47","48","49","50","51","52"],[40,41,42,43,44,45]],"deliveryProducts":{}}	2023-11-08 13:34:59
468	1	App\\Entity\\Delivery	116	{"weeks":[["32","33","34","35","36","38","39","40","41","42","43","44","45","46","47","48","49","50","51","52"],[32,33,34,35,36,38,39,40,41,42,43,44,45]],"deliveryProducts":{}}	2023-11-08 13:37:33
469	1	App\\Entity\\Delivery	18	{"weeks":[["25","26","27","28","29","30","31","32","34","35","36","37","39","40","41","42","43","44","45","46","47","48","49","50","51","52"],[25,26,27,28,29,30,31,32,34,35,36,37,39,40,41,42,43,44,45,47,48,49,50,51,52]],"deliveryProducts":{}}	2023-11-08 13:38:57
470	1	App\\Entity\\Delivery	18	{"weeks":[["25","26","27","28","29","30","31","32","34","35","36","37","39","40","41","42","43","44","45","47","48","49","50","51","52"],[25,26,27,28,29,30,31,32,34,35,36,37,39,40,41,42,43,44,45]],"deliveryProducts":{}}	2023-11-08 13:39:06
471	1	App\\Entity\\Delivery	294	{"weeks":[["45","46","47","48","49","50","51","52"],[45,46,47,48,49,50,51,52]],"deliveryProducts":{}}	2023-11-08 13:42:58
472	1	App\\Entity\\Delivery	296	{"weeks":[["45","46","47","48","49","50","51","52"],[45]],"deliveryProducts":{}}	2023-11-08 13:49:30
473	1	App\\Entity\\User	79	{"username":["8 campionari verona","campionari"],"fullName":["8 campionari verona","campionari"],"zone":["campionari verona","campionari"]}	2023-11-08 13:50:43
474	1	App\\Entity\\Delivery	294	{"weeks":[["45","46","47","48","49","50","51","52"],[46,47,48,49,50,51,52]],"deliveryProducts":{}}	2023-11-08 13:59:42
475	1	App\\Entity\\Delivery	292	{"weeks":[["45","46","47","48","49","50","51","52"],[45]],"deliveryProducts":{}}	2023-11-08 14:09:25
476	1	App\\Entity\\Delivery	310	{"weeks":[["46","47","48","49","50","51","52"],[46,47,48,49,50,51,52]],"deliveryProducts":{}}	2023-11-08 15:25:09
477	1	App\\Entity\\Delivery	232	{"weeks":[["41","42","43","45","46","47","48","49","50","51","52"],[41,42,43,46,47,48,49,50,51,52]],"deliveryProducts":{}}	2023-11-09 15:11:04
478	1	App\\Entity\\Delivery	204	{"weeks":[["41","43","44","45","46","47","48","49","50","51","52"],[41,43,44,45]],"deliveryProducts":{}}	2023-11-09 15:14:06
479	1	App\\Entity\\Delivery	146	{"weeks":[["35","39","40","45","46","47","48","49","50","51","52"],[35,39,40,46,47,48,49,50,51,52]],"deliveryProducts":{}}	2023-11-09 15:53:19
480	1	App\\Entity\\Delivery	247	{"weeks":[["45","46","47","48","49","50","51","52"],[46,47,48,49,50,51,52]],"deliveryProducts":{}}	2023-11-09 15:53:50
481	1	App\\Entity\\User	91	{"zone":["treviso","conegliano"]}	2023-11-10 06:33:02
482	1	App\\Entity\\Delivery	295	{"weeks":[["45","46","47","48","49","50","51","52"],[45,46,47]],"deliveryProducts":{}}	2023-11-12 07:54:57
483	1	App\\Entity\\Delivery	295	{"weeks":[["45","46","47"],[45]],"deliveryProducts":{}}	2023-11-12 07:56:12
484	1	App\\Entity\\Delivery	167	{"weeks":[["37","38","39","40","42","43","44","45","46","47","48","49","50","51","52"],[37,38,39,40,42,43,44,45]],"deliveryProducts":{}}	2023-11-12 08:02:38
485	45	App\\Entity\\Delivery	278	{"weeks":[["43"],[43]],"deliveryProducts":{}}	2023-11-13 11:04:01
486	45	App\\Entity\\Delivery	278	{"weeks":[["43"],[43]],"deliveryProducts":{}}	2023-11-13 11:04:18
487	1	App\\Entity\\Delivery	310	{"weeks":[["46","47","48","49","50","51","52"],[46,47,48,49,50,51,52]],"deliveryProducts":{}}	2023-11-13 13:42:46
488	1	App\\Entity\\Delivery	319	{"weeks":[["46"],[46]],"deliveryProducts":{}}	2023-11-13 13:46:57
489	1	App\\Entity\\Delivery	307	{"weeks":[["47","48","49","50","51","52"],[47,48,49,50,51,52]],"deliveryProducts":{}}	2023-11-14 07:17:42
490	1	App\\Entity\\Delivery	304	{"weeks":[["45"],[45,46,47,48,49,50,51,52]],"deliveryProducts":{}}	2023-11-14 07:23:43
491	1	App\\Entity\\Delivery	56	{"weeks":[["27","28","29","30","31","33","34","37","38","39","40","42","43","44","46","47","48","49","50","51","52"],[27,28,29,30,31,33,34,37,38,39,40,42,43,44,46,48,50,52]],"deliveryProducts":{}}	2023-11-14 07:26:47
492	1	App\\Entity\\Delivery	299	{"weeks":[["45"],[45,47,49,51]],"deliveryProducts":{}}	2023-11-14 07:27:13
493	1	App\\Entity\\Delivery	304	{"weeks":[["45","46","47","48","49","50","51","52"],[45]],"deliveryProducts":{}}	2023-11-14 07:28:22
494	1	App\\Entity\\Delivery	228	{"weeks":[["43","44","45","46","47","48","49","50","51","52"],[43,44,45]],"deliveryProducts":{}}	2023-11-14 07:33:01
495	1	App\\Entity\\Delivery	320	{"weeks":[["46","47","48","49","50","51","52"],[46,47,48,49,50,51,52]],"deliveryProducts":{}}	2023-11-14 07:34:59
496	1	App\\Entity\\Delivery	307	{"weeks":[["47","48","49","50","51","52"],[47,48,49,50,51,52]],"deliveryProducts":{}}	2023-11-14 07:53:52
497	1	App\\Entity\\Delivery	307	{"weeks":[["47","48","49","50","51","52"],[47,48,49,50,51,52]],"deliveryProducts":{}}	2023-11-14 07:54:32
498	1	App\\Entity\\Delivery	98	{"weeks":[["31","32","33","34","42","43","44","45","46","47","48","49","50","51"],[31,32,33,34,42,43,44,45,46]],"deliveryProducts":{}}	2023-11-14 13:59:21
499	1	App\\Entity\\Delivery	307	{"weeks":[["46","47","48","49","50","51"],[46,47,48,49,50,51]],"deliveryProducts":{}}	2023-11-14 14:15:07
626	1	App\\Entity\\User	46	{"subZone":[null,"conegliano"]}	2023-11-22 20:18:27
500	1	App\\Entity\\Delivery	307	{"weeks":[["46","47","48","49","50","51"],[48,49,50,51]],"deliveryProducts":{}}	2023-11-14 14:16:14
501	1	App\\Entity\\Delivery	213	{"weeks":[["39","40","41","42","43","44"],[39,40,41,42,43,44,46]],"deliveryProducts":{}}	2023-11-14 14:16:25
502	1	App\\Entity\\Delivery	317	{"weeks":[["46","47","48","49","50","51"],[48,49,50,51]],"deliveryProducts":{}}	2023-11-14 14:20:29
503	1	App\\Entity\\Delivery	306	{"weeks":[["45"],[47]],"deliveryProducts":{}}	2023-11-14 14:24:17
504	1	App\\Entity\\Delivery	323	{"weeks":[["51","52","53","54","55"],[48,49,50,51,52]],"deliveryProducts":{}}	2023-11-14 14:48:23
505	1	App\\Entity\\Delivery	306	{"weeks":[["46"],[47]],"deliveryProducts":{}}	2023-11-14 14:48:40
506	1	App\\Entity\\Delivery	319	{"weeks":[["46"],[47]],"deliveryProducts":{}}	2023-11-14 14:50:16
507	1	App\\Entity\\Delivery	106	{"weeks":[["37","38","39","40","42","44","45","46","47","48","49","50","51","52"],[37,38,39,40,42,44,45,46,48,49,50,51,52]],"deliveryProducts":{}}	2023-11-14 14:50:40
508	1	App\\Entity\\Delivery	317	{"weeks":[["47","48","49","50","51","52"],[48,49,50,51,52]],"deliveryProducts":{}}	2023-11-14 14:52:25
509	1	App\\Entity\\Delivery	98	{"weeks":[["32","33","34","35","43","44","45","46","47","48","49","50","51","52"],[32,33,34,35,43,44,45,46]],"deliveryProducts":{}}	2023-11-14 14:54:06
510	1	App\\Entity\\Delivery	322	{"weeks":[["50","51","52","53","54","55","56"],[47,48,49,50,51,52,53]],"deliveryProducts":{}}	2023-11-14 14:54:21
511	1	App\\Entity\\Delivery	321	{"weeks":[["49"],[47]],"deliveryProducts":{}}	2023-11-14 14:56:44
512	1	App\\Entity\\Delivery	307	{"weeks":[["47","48","49","50","51","52"],[48,49,50,51,52]],"deliveryProducts":{}}	2023-11-14 14:57:30
513	1	App\\Entity\\Delivery	228	{"weeks":[["43","44","45","46","47","48","49","50","51","52"],[43,44,45,46]],"deliveryProducts":{}}	2023-11-14 14:59:14
514	1	App\\Entity\\Delivery	320	{"weeks":[["49","50","51","52","53","54","55"],[47,48,49,50,51,52]],"deliveryProducts":{}}	2023-11-14 14:59:27
515	1	App\\Entity\\Delivery	56	{"weeks":[["27","28","29","30","31","33","34","37","38","39","40","42","43","44","46","47","48","49","50","51","52"],[27,28,29,30,31,33,34,37,38,39,40,42,43,44,46,47,49,51]],"deliveryProducts":{}}	2023-11-14 15:00:15
516	1	App\\Entity\\Delivery	306	{"weeks":[["47"],[47]],"deliveryProducts":{}}	2023-11-14 15:22:44
517	1	App\\Entity\\Product	8	{"days":[4,5]}	2023-11-14 15:23:30
518	1	App\\Entity\\Product	4	{"days":[5,6]}	2023-11-14 15:23:48
519	1	App\\Entity\\Product	6	{"days":[8,11]}	2023-11-14 15:24:53
520	1	App\\Entity\\Product	14	{"days":[6,9]}	2023-11-14 15:25:10
521	1	App\\Entity\\Product	14	{"days":[9,6]}	2023-11-14 15:25:24
522	1	App\\Entity\\Product	14	{"days":[6,7]}	2023-11-14 15:26:00
523	1	App\\Entity\\Delivery	282	{"weeks":[["48","52"],[47,51]],"deliveryProducts":{}}	2023-11-14 15:30:32
524	1	App\\Entity\\Delivery	210	{"weeks":[["41","43","45","47","49","51","53"],[41,43,45]],"deliveryProducts":{}}	2023-11-14 15:32:29
525	1	App\\Entity\\Delivery	301	{"weeks":[["46"],[46,48,50,52]],"deliveryProducts":{}}	2023-11-14 15:53:51
526	1	App\\Entity\\Delivery	234	{"weeks":[["42","45","47","49","50","52"],[42,45]],"deliveryProducts":{}}	2023-11-14 15:56:50
527	1	App\\Entity\\Delivery	288	{"weeks":[["45"],[45,47,49,51]],"deliveryProducts":{}}	2023-11-14 15:57:48
528	1	App\\Entity\\Delivery	289	{"weeks":[["46","47","48","49","50","51","52","53"],[46,48,49,50,51,52]],"deliveryProducts":{}}	2023-11-14 15:58:51
529	1	App\\Entity\\Delivery	319	{"weeks":[["48"],[47]],"deliveryProducts":{}}	2023-11-14 16:21:21
530	1	App\\Entity\\Product	1	{"days":[6,7]}	2023-11-14 16:28:55
531	1	App\\Entity\\Product	15	{"days":[4,5]}	2023-11-14 16:29:09
532	1	App\\Entity\\Product	12	{"days":[7,8]}	2023-11-14 16:29:22
533	1	App\\Entity\\Product	10	{"days":[5,6]}	2023-11-14 16:29:51
534	1	App\\Entity\\Product	23	{"days":[7,11]}	2023-11-14 16:30:42
535	1	App\\Entity\\Product	27	[]	2023-11-14 16:32:24
536	1	App\\Entity\\Delivery	196	{"weeks":[["40","41","42","43","45","47","48","49","50","51","52","53"],[40,41,42,43,45,48,49,50,51,52]],"deliveryProducts":{}}	2023-11-15 13:50:42
537	1	App\\Entity\\Delivery	302	{"weeks":[["46"],[46,47]],"deliveryProducts":{}}	2023-11-15 13:50:53
538	1	App\\Entity\\Delivery	247	{"weeks":[["47","48","49","50","51","52","53"],[48,49,50,51,52]],"deliveryProducts":{}}	2023-11-15 13:51:50
539	1	App\\Entity\\Delivery	277	{"weeks":[["44"],[44,47]],"deliveryProducts":{}}	2023-11-15 13:52:03
540	1	App\\Entity\\Delivery	297	{"weeks":[["47","48","49","50","51","52","53"],[49,50,51,52]],"deliveryProducts":{}}	2023-11-15 14:49:31
541	1	App\\Entity\\Delivery	262	{"weeks":[["45","47","49","51","53"],[45]],"deliveryProducts":{}}	2023-11-15 14:51:03
542	1	App\\Entity\\Delivery	222	{"weeks":[["42","43","45","46","47","48","49","50","51","52","53"],[42,43,45,46,47,49,50,51,52]],"deliveryProducts":{}}	2023-11-15 18:20:59
543	1	App\\Entity\\Delivery	312	{"weeks":[["47","48","49","50","51","52","53"],[48,49,50,51,52]],"deliveryProducts":{}}	2023-11-16 14:21:15
544	1	App\\Entity\\Delivery	294	{"weeks":[["47","48","49","50","51","52","53"],[48,49,50,51,52]],"deliveryProducts":{}}	2023-11-16 14:23:24
545	1	App\\Entity\\Delivery	330	{"weeks":[["47"],[47]],"deliveryProducts":{}}	2023-11-16 17:13:04
546	1	App\\Entity\\Delivery	79	{"weeks":[["32","34","36","38","40"],[32,34,36,38,40,48,49,50,51,52]],"deliveryProducts":{}}	2023-11-17 12:57:50
547	1	App\\Entity\\Delivery	79	{"weeks":[["32","34","36","38","40","48","49","50","51","52"],[32,34,36,38,40,48,50,52]],"deliveryProducts":{}}	2023-11-17 12:58:11
548	1	App\\Entity\\Delivery	331	{"weeks":[["48"],[48]],"deliveryProducts":{}}	2023-11-20 07:56:05
549	1	App\\Entity\\Delivery	331	{"harvestWeekDay":[3,1],"deliveryWeekDay":[6,4],"weeks":[["48"],[48]],"deliveryProducts":{}}	2023-11-20 08:12:51
550	1	App\\Entity\\Delivery	305	{"weeks":[["47","48","49","50","51","52","53"],[47,49,50,51,52]],"deliveryProducts":{}}	2023-11-20 10:36:31
551	1	App\\Entity\\Delivery	210	{"weeks":[["41","43","45"],[41,43,45,48]],"deliveryProducts":{}}	2023-11-20 10:37:17
552	1	App\\Entity\\Product	29	{"days":[18,20]}	2023-11-20 10:41:01
553	1	App\\Entity\\Product	27	{"days":[15,18]}	2023-11-20 10:42:51
554	1	App\\Entity\\Product	24	{"days":[10,11]}	2023-11-20 10:43:28
555	1	App\\Entity\\Product	7	{"days":[15,21]}	2023-11-20 10:47:07
556	1	App\\Entity\\Product	2	{"days":[14,18]}	2023-11-20 10:49:22
557	1	App\\Entity\\Delivery	269	{"weeks":[["44","46","47","48","49","50","51","52","53"],[44,46,47,49,50,51,52]],"deliveryProducts":{}}	2023-11-20 10:56:28
558	1	App\\Entity\\Delivery	118	{"weeks":[["33","36","37","38","39","40","47","48","49","50","51","52","53"],[33,36,37,38,39,40,47,49,50,51,52]],"deliveryProducts":{}}	2023-11-20 10:58:04
559	1	App\\Entity\\Delivery	308	{"weeks":[["47","48","49","50","51","52","53"],[47,48,49,50,51,52,53]],"deliveryProducts":{}}	2023-11-20 10:59:38
561	1	App\\Entity\\User	63	{"fullName":["la finestra","la finestra\\/tral"]}	2023-11-20 11:10:17
562	1	App\\Entity\\Delivery	235	{"weeks":[["42","44","46","48","50","52","54"],[42,44,46,48]],"deliveryProducts":{}}	2023-11-21 07:06:24
563	1	App\\Entity\\Delivery	236	{"weeks":[["41","43","45","47","49","51","53"],[41,43,45,47]],"deliveryProducts":{}}	2023-11-21 07:06:49
564	1	App\\Entity\\Delivery	336	{"weeks":[["49","51","53"],[51]],"deliveryProducts":{}}	2023-11-21 07:09:22
565	1	App\\Entity\\Product	32	{"type":["seeds","extra"],"decigrams":[0,1],"days":[0,1],"price":[null,1850]}	2023-11-21 07:12:06
566	1	App\\Entity\\Product	31	{"type":["seeds","extra"],"decigrams":[0,1],"days":[0,1]}	2023-11-21 07:12:27
567	1	App\\Entity\\Product	33	{"type":["seeds","extra"],"decigrams":[0,1],"days":[0,1]}	2023-11-21 07:12:45
568	1	App\\Entity\\Product	36	{"type":["seeds","extra"],"decigrams":[0,1],"days":[0,1],"price":[null,1450]}	2023-11-21 07:13:04
569	1	App\\Entity\\Product	33	{"price":[null,1850]}	2023-11-21 07:13:24
570	1	App\\Entity\\Product	35	{"type":["seeds","extra"],"decigrams":[0,1],"days":[0,1],"price":[null,1450]}	2023-11-21 07:13:50
571	1	App\\Entity\\Product	31	{"price":[null,1850]}	2023-11-21 07:14:08
572	1	App\\Entity\\Product	34	{"type":["seeds","extra"],"decigrams":[0,1],"days":[0,1],"price":[null,1450]}	2023-11-21 07:14:30
573	1	App\\Entity\\Product	37	{"type":["seeds","extra"],"decigrams":[0,1],"days":[0,1],"price":[null,1450]}	2023-11-21 07:14:47
574	1	App\\Entity\\Delivery	238	{"weeks":[["43","44","45","46","47","48","49","50","51","52","53"],[43,44,45,46,47,48]],"deliveryProducts":{}}	2023-11-21 12:57:08
575	1	App\\Entity\\Delivery	285	{"weeks":[["45","46","47","48","49","50","51","52","53","54"],[45,46,47]],"deliveryProducts":{}}	2023-11-21 18:15:26
576	1	App\\Entity\\Delivery	285	{"deliveryWeekDay":[3,2],"weeks":[["45","46","47"],[48,49,50,51,52,53]],"deliveryProducts":{}}	2023-11-21 18:16:08
577	1	App\\Entity\\Delivery	106	{"weeks":[["37","38","39","40","42","44","45","46","48","49","50","51","52"],[37,38,39,40,42,44,45,46]],"deliveryProducts":{}}	2023-11-21 18:29:28
578	1	App\\Entity\\Delivery	324	{"weeks":[["47"],[47,48,49,50,51,52]],"deliveryProducts":{}}	2023-11-21 18:29:52
579	1	App\\Entity\\Delivery	308	{"weeks":[["47","48","49","50","51","52","53"],[48]],"deliveryProducts":{}}	2023-11-22 13:03:54
580	1	App\\Entity\\Delivery	222	{"weeks":[["42","43","45","46","47","49","50","51","52"],[42,43,45,46,47]],"deliveryProducts":{}}	2023-11-22 13:05:09
581	1	App\\Entity\\Delivery	314	{"weeks":[["47","48","49","50","51","52","53"],[47,49,50,51,52]],"deliveryProducts":{}}	2023-11-22 13:13:17
582	1	App\\Entity\\Delivery	346	{"weeks":[["48"],[48]],"deliveryProducts":{}}	2023-11-22 13:13:54
583	1	App\\Entity\\Delivery	289	{"weeks":[["46","48","49","50","51","52"],[46,49,50,51,52]],"deliveryProducts":{}}	2023-11-22 13:16:36
584	1	App\\Entity\\Delivery	301	{"weeks":[["46","48","50","52"],[46,49]],"deliveryProducts":{}}	2023-11-22 14:19:49
585	1	App\\Entity\\Delivery	312	{"weeks":[["48","49","50","51","52"],[49,50,51,52]],"deliveryProducts":{}}	2023-11-22 14:39:41
586	1	App\\Entity\\Delivery	322	{"weeks":[["47","48","49","50","51","52","53"],[47]],"deliveryProducts":{}}	2023-11-22 14:46:41
587	1	App\\Entity\\Delivery	247	{"weeks":[["48","49","50","51","52"],[49,50,51,52]],"deliveryProducts":{}}	2023-11-22 19:16:05
588	1	App\\Entity\\User	13	{"subZone":[null,"feltre"]}	2023-11-22 19:36:48
589	1	App\\Entity\\User	26	{"zone":["lignano","friuli"],"subZone":[null,"lignano"]}	2023-11-22 19:37:35
590	1	App\\Entity\\User	32	{"zone":["lignano","friuli"],"subZone":[null,"lignano"]}	2023-11-22 19:38:00
591	1	App\\Entity\\User	2	{"subZone":[null,"belluno"]}	2023-11-22 19:38:19
592	1	App\\Entity\\User	28	{"zone":["lignano","friuli"],"subZone":[null,"lignano"]}	2023-11-22 19:39:19
593	1	App\\Entity\\User	40	{"subZone":[null,"conegliano"]}	2023-11-22 19:40:34
594	1	App\\Entity\\User	34	{"zone":["lignano","friuli"],"subZone":[null,"lignano"]}	2023-11-22 19:40:54
595	1	App\\Entity\\User	37	{"zone":["lignano","friuli"],"subZone":[null,"lignano"]}	2023-11-22 19:41:15
596	1	App\\Entity\\User	36	{"zone":["lignano","friuli"],"subZone":[null,"lignano"]}	2023-11-22 19:41:31
597	1	App\\Entity\\User	44	{"zone":["lignano","friuli"],"subZone":[null,"lignano"]}	2023-11-22 19:41:58
598	1	App\\Entity\\User	38	{"zone":["lignano","friuli"],"subZone":[null,"lignano"]}	2023-11-22 19:42:14
599	1	App\\Entity\\User	3	{"subZone":[null,"feltre"]}	2023-11-22 19:42:24
600	1	App\\Entity\\User	6	{"subZone":[null,"belluno"]}	2023-11-22 19:42:35
601	1	App\\Entity\\User	7	{"zone":["alpago","belluno"],"subZone":[null,"alpago"]}	2023-11-22 19:43:01
602	1	App\\Entity\\User	4	{"subZone":[null,"sedico"]}	2023-11-22 19:43:24
603	1	App\\Entity\\User	48	{"fullName":["Solagna","solagna"],"subZone":[null,"conegliano"]}	2023-11-22 19:43:43
604	1	App\\Entity\\User	10	{"subZone":[null,"feltre"]}	2023-11-22 19:43:53
605	1	App\\Entity\\User	9	{"subZone":[null,"belluno"]}	2023-11-22 19:44:06
606	1	App\\Entity\\User	12	{"subZone":[null,"belluno"]}	2023-11-22 19:44:15
607	1	App\\Entity\\User	14	{"subZone":[null,"belluno"]}	2023-11-22 19:44:24
608	1	App\\Entity\\User	16	{"subZone":[null,"belluno"]}	2023-11-22 19:44:33
609	1	App\\Entity\\User	17	{"subZone":[null,"trichiana"]}	2023-11-22 19:44:50
610	1	App\\Entity\\User	18	{"subZone":[null,"feltre"]}	2023-11-22 19:45:02
611	1	App\\Entity\\User	19	{"subZone":[null,"belluno"]}	2023-11-22 19:45:12
612	1	App\\Entity\\User	20	{"zone":["alpago","belluno"],"subZone":[null,"alpago"]}	2023-11-22 19:45:25
613	1	App\\Entity\\User	21	{"subZone":[null,"belluno"]}	2023-11-22 19:45:34
614	1	App\\Entity\\User	22	{"subZone":[null,"villa di villa"]}	2023-11-22 19:45:49
615	1	App\\Entity\\User	23	{"zone":["belluno","feltre"],"subZone":[null,"sedico"]}	2023-11-22 19:46:12
616	1	App\\Entity\\User	24	{"zone":["lignano","friuli"],"subZone":[null,"lignano"]}	2023-11-22 19:46:26
617	1	App\\Entity\\User	25	{"zone":["lignano","friuli"],"subZone":[null,"lignano"]}	2023-11-22 19:46:40
618	1	App\\Entity\\User	27	{"zone":["lignano","friuli"],"subZone":[null,"lignano"]}	2023-11-22 19:46:53
619	1	App\\Entity\\User	29	{"zone":["lignano","friuli"],"subZone":[null,"lignano"]}	2023-11-22 19:47:07
620	1	App\\Entity\\User	30	{"zone":["lignano","friuli"],"subZone":[null,"lignano"]}	2023-11-22 19:47:20
621	1	App\\Entity\\User	15	{"subZone":[null,"belluno"]}	2023-11-22 19:47:29
622	1	App\\Entity\\User	8	{"subZone":[null,"belluno"]}	2023-11-22 20:17:23
623	1	App\\Entity\\User	5	{"subZone":[null,"belluno"]}	2023-11-22 20:17:32
624	1	App\\Entity\\User	31	{"zone":["lignano","friuli"],"subZone":[null,"lignano"]}	2023-11-22 20:17:51
625	1	App\\Entity\\User	47	{"subZone":[null,"conegliano"]}	2023-11-22 20:18:14
627	1	App\\Entity\\User	42	{"fullName":["tre Panoce","tre panoce"],"subZone":[null,"conegliano"]}	2023-11-22 20:18:46
628	1	App\\Entity\\User	11	{"subZone":[null,"feltre"]}	2023-11-22 20:18:56
629	1	App\\Entity\\User	39	{"zone":["lignano","friuli"],"subZone":[null,"lignano"]}	2023-11-22 20:19:10
630	1	App\\Entity\\User	35	{"status":["active","inactive"],"subZone":[null,"conegliano"]}	2023-11-22 20:19:28
631	1	App\\Entity\\User	43	{"subZone":[null,"belluno"]}	2023-11-22 20:20:04
632	1	App\\Entity\\User	50	{"subZone":[null,"conegliano"]}	2023-11-22 20:20:14
633	1	App\\Entity\\User	51	{"subZone":[null,"conegliano"]}	2023-11-22 20:20:24
634	1	App\\Entity\\User	53	{"subZone":[null,"conegliano"]}	2023-11-22 20:20:35
635	1	App\\Entity\\User	52	{"subZone":[null,"conegliano"]}	2023-11-22 20:20:45
636	1	App\\Entity\\User	54	{"subZone":[null,"vittorio veneto"]}	2023-11-22 20:21:01
637	1	App\\Entity\\User	55	{"subZone":[null,"conegliano"]}	2023-11-22 20:21:10
638	1	App\\Entity\\User	58	{"subZone":[null,"conegliano"]}	2023-11-22 20:21:20
639	1	App\\Entity\\User	60	{"subZone":[null,"conegliano"]}	2023-11-22 20:21:34
640	1	App\\Entity\\User	62	{"subZone":[null,"treviso"]}	2023-11-22 20:21:43
641	1	App\\Entity\\User	64	{"status":["active","inactive"],"subZone":[null,"treviso"]}	2023-11-22 20:21:55
642	1	App\\Entity\\User	65	{"subZone":[null,"treviso"]}	2023-11-22 20:22:07
643	1	App\\Entity\\User	66	{"subZone":[null,"conegliano"]}	2023-11-22 20:22:16
644	1	App\\Entity\\User	67	{"subZone":[null,"treviso"]}	2023-11-22 20:22:26
645	1	App\\Entity\\User	49	{"subZone":[null,"conegliano"]}	2023-11-22 20:22:37
646	1	App\\Entity\\User	57	{"subZone":[null,"treviso"]}	2023-11-22 20:22:46
647	1	App\\Entity\\User	78	{"username":["gabri","gabri per giorik"],"fullName":["Gabri","gabri per giorik"],"subZone":[null,"feltre"]}	2023-11-22 20:23:26
648	1	App\\Entity\\User	70	{"subZone":[null,"treviso"]}	2023-11-22 20:23:34
649	1	App\\Entity\\User	69	{"subZone":[null,"treviso"]}	2023-11-22 20:23:42
650	1	App\\Entity\\User	71	{"subZone":[null,"treviso"]}	2023-11-22 20:23:55
651	1	App\\Entity\\User	72	{"subZone":[null,"feltre"]}	2023-11-22 20:24:41
652	1	App\\Entity\\User	74	{"zone":["lignano","friuli"],"subZone":[null,"sacile"]}	2023-11-22 20:25:16
653	1	App\\Entity\\User	73	{"subZone":[null,"treviso"]}	2023-11-22 20:25:28
654	1	App\\Entity\\User	68	{"subZone":[null,"conegliano"]}	2023-11-22 20:25:57
655	1	App\\Entity\\User	76	{"zone":["lignano","friuli"],"subZone":[null,"fontanafredda"]}	2023-11-22 20:26:49
656	1	App\\Entity\\User	81	{"username":["japan house portogruaro","japan house"],"fullName":["japan house portogruaro","japan house"],"zone":["lignano","friuli"],"subZone":[null,"portogruaro"]}	2023-11-22 20:27:31
657	1	App\\Entity\\User	86	{"zone":["lignano","friuli"],"subZone":[null,"pordenone"]}	2023-11-22 20:28:01
658	1	App\\Entity\\User	82	{"subZone":[null,"treviso"]}	2023-11-22 20:28:20
659	1	App\\Entity\\User	80	{"subZone":[null,"treviso"]}	2023-11-22 20:28:43
660	1	App\\Entity\\User	87	{"subZone":[null,"treviso"]}	2023-11-22 20:28:53
661	1	App\\Entity\\User	75	{"subZone":[null,"treviso"]}	2023-11-22 20:29:04
662	1	App\\Entity\\User	89	{"subZone":[null,"verona"]}	2023-11-22 20:29:42
663	1	App\\Entity\\User	88	{"zone":["lignano","friuli"],"subZone":[null,"pordenone"]}	2023-11-22 20:30:42
664	1	App\\Entity\\User	56	{"subZone":[null,"vittorio veneto"]}	2023-11-22 20:31:04
665	1	App\\Entity\\User	84	{"zone":["lignano","friuli"],"subZone":[null,"pordenone"]}	2023-11-22 20:31:32
666	1	App\\Entity\\User	90	{"zone":["lignano","friuli"],"subZone":[null,"pordenone"]}	2023-11-22 20:32:11
667	1	App\\Entity\\User	91	{"subZone":[null,"montello"]}	2023-11-22 20:32:27
668	1	App\\Entity\\User	63	{"subZone":[null,"treviso"]}	2023-11-22 20:32:39
669	1	App\\Entity\\User	96	{"zone":["lignano","friuli"]}	2023-11-22 20:33:45
670	1	App\\Entity\\User	95	{"zone":["lignano","friuli"]}	2023-11-22 20:33:58
671	1	App\\Entity\\Delivery	294	{"weeks":[["48","49","50","51","52"],[49,50,51,52]],"deliveryProducts":{}}	2023-11-23 14:12:19
672	1	App\\Entity\\Delivery	232	{"weeks":[["42","43","44","47","48","49","50","51","52","53"],[42,43,44,47,48,49,50,52]],"deliveryProducts":{}}	2023-11-23 14:17:34
673	1	App\\Entity\\Delivery	354	{"weeks":[["51"],[51]],"deliveryProducts":{}}	2023-11-23 14:18:20
674	1	App\\Entity\\Delivery	354	{"weeks":[["51"],[51]],"deliveryProducts":{}}	2023-11-23 14:20:11
675	1	App\\Entity\\Delivery	354	{"weeks":[["51"],[51]],"deliveryProducts":{}}	2023-11-23 14:22:35
676	1	App\\Entity\\Delivery	279	{"weeks":[["44","45","46","47","48","49","50","51","52","53","54"],[44,45,46,47,49,50,51,52]],"deliveryProducts":{}}	2023-11-23 14:23:20
677	1	App\\Entity\\Delivery	166	{"weeks":[["38","40","42","44","46","48","50","52"],[38,40,42,44,46]],"deliveryProducts":{}}	2023-11-23 15:52:46
678	1	App\\Entity\\Delivery	118	{"weeks":[["33","36","37","38","39","40","47","49","50","51","52"],[33,36,37,38,39,40,47]],"deliveryProducts":{}}	2023-11-23 15:58:40
679	1	App\\Entity\\Delivery	340	{"weeks":[["48"],[48]],"deliveryProducts":{}}	2023-11-24 14:38:24
680	1	App\\Entity\\Delivery	283	{"weeks":[["44","46","48","50","52","54"],[44,46,48]],"deliveryProducts":{}}	2023-11-24 14:38:41
681	1	App\\Entity\\Delivery	176	{"weeks":[["38","39","40","41","42","43","44","45","46","47","48","49","50","51","52","53","54"],[38,39,40,41,42,43,44,45,46,47,48]],"deliveryProducts":{}}	2023-11-24 14:39:41
682	1	App\\Entity\\Delivery	146	{"weeks":[["36","40","41","47","48","49","50","51","52","53"],[36,40,41,47,48]],"deliveryProducts":{}}	2023-11-24 14:41:10
683	1	App\\Entity\\User	94	{"fullName":["le macine","le macine\\/ resort del favero"]}	2023-11-24 15:02:39
684	1	App\\Entity\\Delivery	363	{"weeks":[["49"],[49]],"deliveryProducts":{}}	2023-11-24 15:26:53
685	1	App\\Entity\\Delivery	331	{"weeks":[["48"],[48,49]],"deliveryProducts":{}}	2023-11-27 10:18:48
686	1	App\\Entity\\User	91	{"username":["cucina da crema","valter crema"],"fullName":["cucina da crema","valter crema"]}	2023-11-27 10:26:10
687	1	App\\Entity\\Delivery	196	{"weeks":[["40","41","42","43","45","48","49","50","51","52"],[40,41,42,43,45,48,50,51,52]],"deliveryProducts":{}}	2023-11-27 10:33:45
688	1	App\\Entity\\Delivery	356	{"weeks":[["49","51"],[51]],"deliveryProducts":{}}	2023-11-27 10:35:45
689	1	App\\Entity\\Delivery	284	{"weeks":[["45","46","47","48","49","50","51","52","53","54"],[45,46,47,48,50,51,52]],"deliveryProducts":{}}	2023-11-28 07:31:49
690	1	App\\Entity\\Delivery	288	{"weeks":[["45","47","49","51"],[45,47]],"deliveryProducts":{}}	2023-11-28 10:30:58
691	1	App\\Entity\\Delivery	37	{"weeks":[["29","30","31","32","33","36","38","39","40","42","44","45","46","47","48","49","50","51","52","53"],[29,30,31,32,33,36,38,39,40,42,44,45,46,47,48,50,51,52]],"deliveryProducts":{}}	2023-11-28 10:32:56
692	1	App\\Entity\\Delivery	297	{"weeks":[["49","50","51","52"],[50,51,52]],"deliveryProducts":{}}	2023-11-28 11:07:56
693	1	App\\Entity\\Delivery	305	{"weeks":[["47","49","50","51","52"],[47,50,51,52]],"deliveryProducts":{}}	2023-11-28 14:05:19
694	1	App\\Entity\\Delivery	364	{"deliveryWeekDay":[4,2],"weeks":[["49"],[49]],"deliveryProducts":{}}	2023-11-28 14:07:55
695	1	App\\Entity\\Delivery	247	{"weeks":[["49","50","51","52"],[50,51,52]],"deliveryProducts":{}}	2023-11-28 14:09:49
696	1	App\\Entity\\Product	8	{"days":[5,4]}	2023-11-28 14:13:39
697	1	App\\Entity\\Product	4	{"days":[6,5]}	2023-11-28 14:14:10
698	1	App\\Entity\\Product	6	{"days":[11,8]}	2023-11-28 14:14:37
699	1	App\\Entity\\Product	14	{"days":[7,4]}	2023-11-28 14:15:44
700	1	App\\Entity\\Product	1	{"days":[7,6]}	2023-11-28 14:16:06
701	1	App\\Entity\\Product	15	{"days":[5,4]}	2023-11-28 14:16:39
702	1	App\\Entity\\Product	10	{"days":[6,5]}	2023-11-28 14:17:19
703	1	App\\Entity\\Delivery	327	{"weeks":[["47"],[47,49]],"deliveryProducts":{}}	2023-11-28 14:21:41
704	1	App\\Entity\\Delivery	242	{"weeks":[["42","48","49","50","51","52","53"],[42,48,50,51,52]],"deliveryProducts":{}}	2023-11-29 14:44:06
705	1	App\\Entity\\Delivery	289	{"weeks":[["46","49","50","51","52"],[46,50,51,52]],"deliveryProducts":{}}	2023-11-29 14:45:25
706	1	App\\Entity\\Delivery	97	{"weeks":[["33","35","37","39","41","43","45","47","49","51","53"],[33,35,37,39,41,43,45,47]],"deliveryProducts":{}}	2023-11-29 15:04:53
707	1	App\\Entity\\Delivery	158	{"weeks":[["37","38","41","42","43","47","48","49","50","51","52","53"],[37,38,41,42,43,47,48,49]],"deliveryProducts":{}}	2023-11-29 15:44:33
708	1	App\\Entity\\Delivery	362	{"weeks":[["49"],[50]],"deliveryProducts":{}}	2023-11-29 15:50:12
709	1	App\\Entity\\Delivery	336	{"weeks":[["51"],[51]],"deliveryProducts":{}}	2023-11-29 16:03:28
710	1	App\\Entity\\Delivery	353	{"weeks":[["48"],[48,49,50,51,52]],"deliveryProducts":{}}	2023-11-29 16:39:39
711	1	App\\Entity\\Delivery	353	{"weeks":[["48","49","50","51","52"],[48,50,51,52]],"deliveryProducts":{}}	2023-11-29 16:40:47
712	1	App\\Entity\\Delivery	279	{"weeks":[["44","45","46","47","49","50","51","52"],[44,45,46,47]],"deliveryProducts":{}}	2023-11-29 16:54:05
713	1	App\\Entity\\Delivery	328	{"weeks":[["47","49","51","53"],[47]],"deliveryProducts":{}}	2023-11-29 16:55:33
714	1	App\\Entity\\Delivery	374	{"weeks":[["49"],[49]],"deliveryProducts":{}}	2023-11-29 18:13:02
715	1	App\\Entity\\Delivery	374	{"weeks":[["49"],[49]],"deliveryProducts":{}}	2023-11-29 18:13:32
716	1	App\\Entity\\Delivery	312	{"weeks":[["49","50","51","52"],[50,51,52]],"deliveryProducts":{}}	2023-11-30 13:49:16
717	1	App\\Entity\\Delivery	242	{"weeks":[["42","48","50","51","52"],[42,48]],"deliveryProducts":{}}	2023-11-30 13:55:37
718	1	App\\Entity\\Delivery	377	{"weeks":[["50","51","52"],[50]],"deliveryProducts":{}}	2023-11-30 13:56:17
719	1	App\\Entity\\Delivery	316	{"weeks":[["47","48","49","50","51","52","53"],[47,48,49]],"deliveryProducts":{}}	2023-11-30 15:03:43
720	1	App\\Entity\\Product	11	{"decigrams":[50,40]}	2023-11-30 15:07:55
721	1	App\\Entity\\Product	8	{"decigrams":[54,45]}	2023-11-30 15:08:21
722	1	App\\Entity\\Product	24	{"decigrams":[24,28]}	2023-11-30 15:09:03
723	1	App\\Entity\\Delivery	360	{"weeks":[["49","50","51","52"],[49]],"deliveryProducts":{}}	2023-11-30 17:24:39
724	1	App\\Entity\\Delivery	162	{"weeks":[["37","41","43","47","49","51","53"],[37,41,43,47,49]],"deliveryProducts":{}}	2023-12-01 13:53:47
725	1	App\\Entity\\Product	16	{"days":[8,7]}	2023-12-04 09:06:32
726	1	App\\Entity\\Product	3	{"days":[8,7]}	2023-12-04 09:08:18
\.


--
-- Data for Name: product; Type: TABLE DATA; Schema: public; Owner: -
--

COPY public.product (id, name, type, decigrams, days, price, weight) FROM stdin;
12	borragine	seeds	40	8	375	t
23	melone	seeds	35	11	375	t
29	salvia	seeds	19	20	375	t
27	nasturzio	seeds	65	18	375	f
7	porro	seeds	50	21	375	t
2	basilico	seeds	9	18	375	f
9	rucola	seeds	18	5	375	f
32	fiordaliso misto essiccato	extra	1	1	1850	f
36	idrolato di rosmarino	extra	1	1	1450	f
33	rosa rossa essiccata	extra	1	1	1850	f
35	idrolato di rosa	extra	1	1	1450	f
31	dalia essiccata	extra	1	1	1850	f
34	idrolato lavanda	extra	1	1	1450	f
37	idrolato di menta bergamotto	extra	1	1	1450	f
4	broccolo	seeds	35	5	375	f
6	pisello	seeds	220	8	375	t
14	pisello mare	seeds	220	4	375	t
1	girasole	seeds	70	6	375	t
15	girasole mare	seeds	70	4	375	t
10	senape	seeds	35	5	375	t
11	daikon	seeds	40	4	375	t
8	sango	seeds	45	4	375	t
22	aneto	seeds	13	8	375	t
24	finocchio	seeds	28	11	375	t
16	amaranto	seeds	15	7	375	t
3	bietola	seeds	65	7	375	t
13	levistico	seeds	15	28	375	t
17	crescione	seeds	14	6	375	f
5	coriandolo	seeds	50	11	375	t
25	erba grano	seeds	85	11	375	t
26	1	water_box	0	0	\N	f
28	cerfoglio	seeds	9	11	375	t
30	basilico rosso	seeds	9	18	375	f
\.


--
-- Data for Name: step; Type: TABLE DATA; Schema: public; Owner: -
--

COPY public.step (id, product_id, name, minutes, sort) FROM stdin;
52	12	blackout	5760	1
83	23	blackout	10080	1
93	27	blackout	12960	1
97	29	blackout	14400	0
94	27	light	12960	2
78	24	light	7200	2
37	7	blackout	17280	1
38	7	light	12960	2
21	1	soaking	240	0
23	1	light	4320	2
25	2	light	14400	1
27	3	light	4320	2
12	3	soaking	720	0
30	4	light	2880	2
31	5	blackout	8640	1
32	5	light	7200	2
20	5	soaking	480	0
33	6	soaking	480	0
36	7	soaking	720	0
40	8	blackout	2880	1
29	4	blackout	4320	1
48	11	soaking	360	0
49	11	blackout	2880	1
50	11	light	2880	2
51	12	soaking	720	0
53	12	light	5760	2
35	6	light	7200	2
58	15	soaking	240	0
59	16	soaking	480	0
73	14	light	1440	2
22	1	blackout	4320	1
74	15	blackout	4320	1
46	10	blackout	4320	0
80	16	light	5760	2
26	3	blackout	5760	1
34	6	blackout	4320	1
41	8	light	2880	2
72	14	blackout	4320	1
75	15	light	1440	2
76	24	soaking	480	0
77	24	blackout	8640	1
79	16	blackout	4320	1
81	22	blackout	7200	1
82	22	light	4320	2
70	22	soaking	600	0
28	4	soaking	360	0
39	8	soaking	480	0
84	23	light	5760	2
71	23	soaking	60	0
57	14	soaking	480	0
89	25	soaking	720	0
90	25	blackout	4320	1
91	25	light	11520	2
92	27	soaking	360	0
95	28	blackout	10080	0
96	28	light	5760	1
98	29	light	14400	1
43	9	blackout	4320	0
44	9	light	2880	1
55	13	blackout	20160	0
56	13	light	20160	1
47	10	light	2880	1
61	17	blackout	2880	0
62	17	light	5760	1
24	2	blackout	11520	0
99	30	blackout	11520	0
100	30	light	14400	1
\.


--
-- Data for Name: suspension; Type: TABLE DATA; Schema: public; Owner: -
--

COPY public.suspension (id, prisoner_id, start, stop) FROM stdin;
\.


--
-- Data for Name: user; Type: TABLE DATA; Schema: public; Owner: -
--

COPY public."user" (id, username, roles, password, status, full_name, vat_number, email, address, sdi, zone, discount, sub_zone) FROM stdin;
1	admin	["ROLE_ADMIN"]	$2y$13$4X/PoEGqiUbHMu/1s7aLteUywzCSXOdt9hjsbYTf27Njxb3ZpSlfi	active	admin	000000	admin@horafarms.it	-	\N	\N	0	\N
2	terracotta	["ROLE_CUSTOMER"]	$2y$13$loKIcrRrHukYd4fXypApy.AnBSLwkF1/yDTX0X2kMZUYTGWZ/dX7C	active	terracotta/famiglia Larese				\N	belluno	0	belluno
33	extra	["ROLE_CUSTOMER"]	$2y$13$AHKswHxUsJspw53WqszO4uKhJX2t6Olu7z/AH1Plipmc5SKXNBHaq	active	ordini extra				\N	\N	0	\N
28	la darsena	["ROLE_CUSTOMER"]	$2y$13$fOIhiWnZMYhgOqyK9Z/OcuwnSFWt4hEcHAmq1l6KbIEcFMiUSZTyK	active	la darsena/Sunrise				\N	friuli	0	lignano
40	c del poggio	["ROLE_CUSTOMER"]	$2y$13$rbuBew2nNM2oCh.DYglMZOkk2yWUjGsidkS6IZs14pMVknTXkxGQ2	active	c del poggio				\N	conegliano	0	conegliano
44	o sole mio	["ROLE_CUSTOMER"]	$2y$13$DCb5RFkcgibaLCWfSz8kjOnSab/YIhpHPw1/9LkUejQnK.UWL/TIO	active	o sole mio				\N	friuli	0	lignano
41	test raccolto gioved	["ROLE_CUSTOMER"]	$2y$13$s/bwgGawAITnX6P2KBxg0.6CUWIaJPA56I3tM/fkoXQUtzCk5SbgO	active	test raccolto gioved				\N	\N	0	\N
45	fullbl	["ROLE_ADMIN"]	$2y$13$RnBCjb1exy5JxWWr6GTcPulGa7OF8GN6V8dw.Z5v8yPsfsjKM2esu	active	Full				\N	\N	0	\N
6	carpenada	["ROLE_CUSTOMER"]	$2y$13$3L7SYF8XPsz6GLorz4bQ1.Mna1bXrfllg45zGFtoz2YE8JNyNa5Uy	active	carpenada				\N	belluno	0	belluno
7	cascina	["ROLE_CUSTOMER"]	$2y$13$tdfEsavMbPlubIac8uF86O4a.vMbtQlHlExfby7ax3cTPZ0Eq/X4q	active	cascina				\N	belluno	0	alpago
4	bertagno	["ROLE_CUSTOMER"]	$2y$13$xCtRqW0JTcevwtFhiN13L.518wr0e7WtTvWYcIj/dAiLLZ1VYI6f.	active	bertagno/base srl				\N	feltre	0	sedico
48	solagna	["ROLE_CUSTOMER"]	$2y$13$d/W2P8pU0w43an804uw9N.WTkt7roBV6ppGB6Su97p6O7ql9oPan6	active	solagna				\N	conegliano	0	conegliano
9	alpi	["ROLE_CUSTOMER"]	$2y$13$m7L6qk/geLBihcmk85mczOz.CK6MG6RCtgCE16bDgLkyeq6hjQhZm	active	delle alpi				\N	belluno	0	belluno
12	ibu	["ROLE_CUSTOMER"]	$2y$13$RSY9oGlT8Y8gX85hMi1xM.M.v9nwQL8y2pF6TofxzuWV46DOA68R6	active	ibu				\N	belluno	0	belluno
14	marta d'oro	["ROLE_CUSTOMER"]	$2y$13$kFFHR6DRfkZZFdCQt3y4QeCLzOvRRFSxNJ2aKuBZSh40J/8qXj.BS	active	marta d'oro				\N	belluno	0	belluno
16	il moretto	["ROLE_CUSTOMER"]	$2y$13$Xq8yv9u63nJEoluqKTCyNuHsJ1G7MdFic3pEmXph/.n8YkGsRftlW	active	il moretto				\N	belluno	0	belluno
19	primo	["ROLE_CUSTOMER"]	$2y$13$UJeeB7zs480oaz0JLsBzReMez8VV1xHW3jNV2dJg0yPFQsyHJkKG6	active	primo				\N	belluno	0	belluno
20	san lorenzo	["ROLE_CUSTOMER"]	$2y$13$ALeYPthOrM6NRU/vVGyz9ukA/PbDjy3y7JTCq4eIYvTgXoZCHShj6	active	san Lorenzo				\N	belluno	0	alpago
21	speakeasy	["ROLE_CUSTOMER"]	$2y$13$ZyAeI41Kr9KhoXB44bJymOEwmqs5dRlHEMdvn7OqQf5AS4LdD5XAK	active	speakeasy				\N	belluno	0	belluno
22	vegabonda	["ROLE_CUSTOMER"]	$2y$13$1VyMFxIYNqvI/5RrnxgLZehyoTbv8KyNn48oJSc2EprsKjRH6wxV6	active	vegabonda				\N	feltre	0	villa di villa
23	villa clizia	["ROLE_CUSTOMER"]	$2y$13$6Gs7pG4yw5Qqst4svDNa0u5Eqb8ti51rRWinM1RXVWXDCFGsnspBa	active	villa Clizia				\N	feltre	0	sedico
24	bidin	["ROLE_CUSTOMER"]	$2y$13$Ml3wi/rE3LLjMAifoqrcZ./c7JFXYkYva/etv2oK1S3K8t9tLC0m.	active	bidin				\N	friuli	0	lignano
25	al cason	["ROLE_CUSTOMER"]	$2y$13$WxIufXxxvSKd2wETWWfuSOvWgAloMuzDSbjewSLu.kH7EF9iMNHsi	active	al cason				\N	friuli	0	lignano
30	paradiso	["ROLE_CUSTOMER"]	$2y$13$bClkYidqbVbi.uTvvSBCK.ENpLcUvu6kbbloPBhZDpCX8NJTwzVh2	active	paradiso				\N	friuli	0	lignano
15	miari fulcis	["ROLE_CUSTOMER"]	$2y$13$4nBoUTwCeTRIAxXTFXs09uANPQuz3i2o6j3M78xPyKarqvfO1/HBK	active	miari fulcis				\N	belluno	0	belluno
8	ciccio	["ROLE_CUSTOMER"]	$2y$13$vuds8XDCLl8v0keaHQ1Rw.96WuE1Ti8aercF2mkgwQXT.viUPF90G	active	ciccio/guerra				\N	belluno	0	belluno
31	mandi	["ROLE_CUSTOMER"]	$2y$13$DU6WUqxJV5gptAeoK6LdUOZ5HJaSgHYg.y.59xfb7LUHFrobvzZSS	active	mandi/Cepele Snc				\N	friuli	0	lignano
13	la casona	["ROLE_CUSTOMER"]	$2y$13$JYwUHG/MzZrcGiqT6DSg.evmaODfvqKjcoof04FLxTGZ8x/hl0vd.	active	la casona				\N	feltre	0	feltre
47	alla cima	["ROLE_CUSTOMER"]	$2y$13$niUMqRx6DKHD5XJZECCd7O2Z/9BTeC0VYPp.RVW3t/3KZZ4F/Gdyy	active	alla cima				\N	conegliano	0	conegliano
46	da gigetto	["ROLE_CUSTOMER"]	$2y$13$/8/pQLO8S669t05XN.UjM.6H4vq7hZI8ft.yLRw35RfBaX49RRsaK	active	da gigetto				\N	conegliano	0	conegliano
42	tre panoce	["ROLE_CUSTOMER"]	$2y$13$EJKLVQTWdeiMLPVvh16pgummPLu/pvWBa9KqJGv00312Ox1QvWLy6	active	tre panoce				\N	conegliano	0	conegliano
32	ricky	["ROLE_CUSTOMER"]	$2y$13$a1tjJ67qDI51PvhmK5NolO9Bg1YsXXRKC40kmDhDu3nPCeFKSuENy	active	Ricky hostaria				\N	friuli	0	lignano
34	la bricola	["ROLE_CUSTOMER"]	$2y$13$Tz5D/tkLr2nPy7RfqYRBSuQBcGm.yMbhXidSGwNqTg.LoHmp/HzAy	active	la bricola				\N	friuli	0	lignano
37	balan	["ROLE_CUSTOMER"]	$2y$13$fFUARBtd6/4Fee5nlKSUgeKFRZLilMxUBDBbNwwom3t9yvbYifUbi	active	balan				\N	friuli	0	lignano
36	greif	["ROLE_CUSTOMER"]	$2y$13$pS8pe7.OfiICXAyt3EZ1ZeiizozN1FItYAk0BlvyOcv2s8tWGGvyO	active	albergo greif/xero Srl				\N	friuli	0	lignano
38	playa	["ROLE_CUSTOMER"]	$2y$13$qNCjfKPjJlYWJDXMu6SzEO9kebpFAJ5eLuZkZvWb8ZKw1slclKSUW	active	playa				\N	friuli	0	lignano
3	aurora	["ROLE_CUSTOMER"]	$2y$13$71r6rX/C1WhuaJ67Y8rB3ur5P8myQTRN/WQQgX98n7/Qdn5tC0vcu	active	aurora				\N	feltre	0	feltre
17	l'oasi	["ROLE_CUSTOMER"]	$2y$13$64v62SjHtxJAbE/seWCIguAwhin9X.K3Z.2b.voKj0.gvibsRGK6m	active	l'oasi				\N	belluno	0	trichiana
18	pan e vin	["ROLE_CUSTOMER"]	$2y$13$taKtLzlqs9wLqBL0rtcA/ulvz4.HZGqZ8gAn3i33b8o53ZUbjVeny	active	pan e vin				\N	feltre	0	feltre
27	da linda	["ROLE_CUSTOMER"]	$2y$13$RCHgspEgQUhQx1kKLiDaNuaDGHp69Xwcv1G53t8RAjB1g12drUVa.	active	da linda				\N	friuli	0	lignano
29	piccolo cason	["ROLE_CUSTOMER"]	$2y$13$hYZIgJ0cJJuEc3vnBUCsuudkXjg5POp8ZyfGSK7n3A0o2GPIMMqyC	active	piccolo cason				\N	friuli	0	lignano
11	fenadora/foreva	["ROLE_CUSTOMER"]	$2y$13$lzif3ITaaoTXmOnQWTpOfe/bpO9tkKrRXc/QN64Px3WembMXxDiFi	active	fenadora/foreva				\N	feltre	0	feltre
39	tahiri/alice	["ROLE_CUSTOMER"]	$2y$13$GhrK2pzHLmWpP0U5jgcq7Opt5L4nTeRhLeLZqRaKjgp6SWhA9WSfW	active	tahiri/alice				\N	friuli	0	lignano
35	revolution/kreazioni	["ROLE_CUSTOMER"]	$2y$13$4gXL58jIIodU./LOJIo2r.wQzteqKUg1pD7QSW0.3vzcnE6OpaDQy	inactive	revolution bistrot/kreazioni				\N	conegliano	0	conegliano
54	osteria da franco	["ROLE_CUSTOMER"]	$2y$13$IKnFlQ14tmQ6JKulH03nL.wawUqyBSMcJKLxWY4PZVf4T7UUAIYRy	active	osteria da franco				\N	conegliano	0	vittorio veneto
55	vedova	["ROLE_CUSTOMER"]	$2y$13$TAo.mIOflKFenVpMwAJGmODD8kHmxEG1wHpQr8HuUW6rJxN7Nx5Ce	active	vedova				\N	conegliano	0	conegliano
59	full	["ROLE_CUSTOMER"]	$2y$13$IPdU4.X9GNLtTuyOwl6Z5uL5rK7DbjDr0sz/GjQBd9KIY36ib7LQe	active	test full		test@fullbl.it		\N	\N	0	\N
62	mardivino	["ROLE_CUSTOMER"]	$2y$13$w0GfvWFVYW7TurPNgrjaZ.32C4.3/xvPJCFdR7VmbrLk5DvoqhMpO	active	mardivino				\N	treviso	0	treviso
61	utente test	["ROLE_CUSTOMER"]	$2y$13$klsLbE9MwlJE9zsgQv6I3eXoUJqrp3GfMzPmNSp6SyQSH6l.WfCNa	active	utente test				\N	\N	0	\N
57	le beccherie	["ROLE_CUSTOMER"]	$2y$13$wTuduzz.kQi3K5WiedmfAeIve7n6.qkZLY/Struo8Oq0t6LnZ9P8S	active	le beccherie/lai di				\N	treviso	0	treviso
70	condividere osteria	["ROLE_CUSTOMER"]	$2y$13$XptI/h6Q30npXmI1Xg1ghuU/y7QTkWVt0xb9xQr40SGZSPcs2ctnu	active	condividere osteria				\N	treviso	0	treviso
71	antica torre	["ROLE_CUSTOMER"]	$2y$13$.701.RTJIE6vvXIc1cWWw.hwXFjTPmbsgjOy1YcaNMKQe.NJgXRKu	active	antica torre				\N	treviso	0	treviso
68	locanda sandi	["ROLE_CUSTOMER"]	$2y$13$OeN4SXWHqJGFrHWFQLITYOUscd4n.jdFGwxFTvObKcJsmC3UU5iQG	active	locanda sandi				\N	conegliano	0	conegliano
76	borgo ronche	["ROLE_CUSTOMER"]	$2y$13$s34oCvAPsVSyx33RrePw2.lO/q7hSGH/w8itS7Wy7RJui.AIRv.Ne	active	borgo ronche				\N	friuli	0	fontanafredda
81	japan house	["ROLE_CUSTOMER"]	$2y$13$lFlIzM5xd5uHj1F1tNYPRuG2v601Dl.ZFEaarHAZzGC9qQ1QTEk5i	active	japan house				\N	friuli	0	portogruaro
77	campioni verona domenica	["ROLE_CUSTOMER"]	$2y$13$jcVbcawY0GkDHqkI7A4rpOQQgWb95ET8bSX/6NTRDc3mxy3MfDqW.	active	campioni verona domenica				\N	verona	0	\N
83	8 campionari	["ROLE_CUSTOMER"]	$2y$13$cDh0UwMeoxBYAa7q6IIDyuiQEfRWXwU1WGissHC8MvAl3QC.qKP7S	active	8 campionari				\N	campionari treviso-pordenone	0	\N
85	prodotti extra	["ROLE_CUSTOMER"]	$2y$13$peLyCxV5RturC4xNj/MbuuPaoB5IlKi0Eq/m2RWGC3LjCEZI/qY5G	active	prodotti extra				\N	prodotti extra	0	\N
87	il signore dei fornelli	["ROLE_CUSTOMER"]	$2y$13$Avvw6j7wZiYOVAp5/MpIWuOhme80eqBFbeePD20VDR0xasjrWhACO	active	il signore dei fornelli				\N	treviso	0	treviso
56	capitello	["ROLE_CUSTOMER"]	$2y$13$8hL6YHMVReRX.ib8se1vReowSM/40f/sQkboC/98ApuCXhI5D.xVy	active	capitello/p.c.p.				\N	conegliano	0	vittorio veneto
90	l'o	["ROLE_CUSTOMER"]	$2y$13$/1AkN3OGnyTTKBNDkuggoe.GmEn./12BEMBIT9owhYqYq0xRZynhS	active	l'o/se.mar				\N	friuli	0	pordenone
79	campionari	["ROLE_CUSTOMER"]	$2y$13$IRt7lTV45vSMfCyb.tnAkeySC0I8DFhuNEPNHUgYfj86YnUcagk0u	active	campionari				\N	campionari	0	\N
63	la finestra	["ROLE_CUSTOMER"]	$2y$13$gmgc4aMVMXtoreX7WeRAPeaG2FoCQm2gYwc7xNi6bwZT2dKmXeyoO	active	la finestra/tral				\N	treviso	0	treviso
92	grotte da nereo	["ROLE_CUSTOMER"]	$2y$13$AGQuVpnfRofvsifR3w4zLeZIm1zxo0snTgOreBkTuciC2vE5wO1KO	active	grotte da nereo				\N	conegliano	0	vittorio veneto
91	valter crema	["ROLE_CUSTOMER"]	$2y$13$QEeiWccR.b/JUb5abnChl.h5qxNTl77TjiqCulek4KEw1pNAng.fO	active	valter crema				\N	conegliano	0	montello
93	al larin	["ROLE_CUSTOMER"]	$2y$13$cybiRoaRhEmkOTydHfRIsOZxRxnsNfB9XV/J9F65R6NU2IPXYz46a	active	al Larin				\N	conegliano	0	vittorio veneto
50	citt di venezia	["ROLE_CUSTOMER"]	$2y$13$EExhfxDxekVcnUvkvUf6..ZbCRtVnQXtxuT5mCbbO8/jv27HIQym6	active	citt di venezia				\N	conegliano	0	conegliano
53	tripolitania	["ROLE_CUSTOMER"]	$2y$13$cJtgLzLv3Y0fwKgKm6Nv5ez9KR7Vdt9l2TuSPKw1NGE.J3vGPhlpC	active	tripolitania				\N	conegliano	0	conegliano
52	casa caldart	["ROLE_CUSTOMER"]	$2y$13$yFGVVhsQ7CAKCiF2sZ/djOEjltp3xbg/NWkUNp0IMnBeAnvFUCN82	active	casa caldart				\N	conegliano	0	conegliano
58	locanda al sole	["ROLE_CUSTOMER"]	$2y$13$ioqEtDk7zZtosMav76sFCu2hLV9IiBBfrASlycQmtrbdfxru/3Wb.	active	locanda al sole				\N	conegliano	0	conegliano
60	da gennaro	["ROLE_CUSTOMER"]	$2y$13$8UPHGrBdz059btUw6r7EjOUywG75T89KBLT38It.ktSr8kmxdCsPu	active	da gennaro				\N	conegliano	0	conegliano
64	hesperia	["ROLE_CUSTOMER"]	$2y$13$KtlZFnAMBkcLsnjjbHiWWuTFu7oxO8xA8BejgOcn6YGMUVzpRH1pC	inactive	hesperia				\N	treviso	0	treviso
65	i savi	["ROLE_CUSTOMER"]	$2y$13$FTLhEOWpc2A8z4YVfnVgOeUhpjgIpitGUWF5fEaQJgd0mEMHD4ReG	active	i savi				\N	treviso	0	treviso
66	mamilla	["ROLE_CUSTOMER"]	$2y$13$mly7YPxwNooT8ouhFrbKBOor7xlFubQ.cBKYJ1F1NMU1sRPNTjE/i	active	mamilla				\N	conegliano	0	conegliano
67	bastian osteria	["ROLE_CUSTOMER"]	$2y$13$2LD3GPyLKCXEilZ2TaC3XukNLNsQhM6PlO0vopo.HwEVGySqbx3Da	active	bastian osteria				\N	treviso	0	treviso
49	le betulle	["ROLE_CUSTOMER"]	$2y$13$O/ZQCdj5SUGkdMbCpGM4.O0A5XxW3Zw9oJ1uo9.B45Grph6y8cIWW	active	le betulle/enrica				\N	conegliano	0	conegliano
69	med osteria	["ROLE_CUSTOMER"]	$2y$13$Pj3zb9Ya7b5d7EPsPZ3/IudCREySLzE2J6gpd4qPyHPU7jA6Sn2X2	active	med osteria/ ql13 srl				\N	treviso	0	treviso
72	coppe	["ROLE_CUSTOMER"]	$2y$13$4M65rSax6WBhn7yEJBGnZeL/QCGYPOVM0BinHSG8YFU9g9LgJ03iq	active	coppe				\N	feltre	0	feltre
74	boutique del gusto	["ROLE_CUSTOMER"]	$2y$13$ANv1LS9yw7.E5bZuXwWdZu2mR5tx0bMnLKUsdghU.0HoN0MTqhsD.	active	boutique del gusto				\N	friuli	0	sacile
73	plenus	["ROLE_CUSTOMER"]	$2y$13$LExNbJfgS9aEsgavo5.l0.gX9iqrRA8uRIs7vVgo.cos5k7zJQXwu	active	plenus/ ker srl				\N	treviso	0	treviso
86	al gallo	["ROLE_CUSTOMER"]	$2y$13$ZQCzbvktKGuHSd7VsoTV2.LnfzaxoUTQKho2vwNVQkkr9uO4ev6mW	active	al gallo				\N	friuli	0	pordenone
82	antico morer	["ROLE_CUSTOMER"]	$2y$13$pvTe6epf37UBZi5aNX7.qe0CNdVgWP1.jkBaHntnPI10IiUQopaCW	active	antico morer				\N	treviso	0	treviso
80	c busatti	["ROLE_CUSTOMER"]	$2y$13$V1Db7aY8sdzhNkCDIkxvreE1yOoZcT8HhrsN.WHWnTLoh51KDzPiS	active	bigal busato /c busatti				\N	treviso	0	treviso
75	studio 11/fausto	["ROLE_CUSTOMER"]	$2y$13$lQ9JnVM8yNEBbHUNLycIyudPDsSSvRRjKTj.aY8sHUq8Ep5mFIrwq	active	studio 11/fausto				\N	treviso	0	treviso
89	ziga bistrot	["ROLE_CUSTOMER"]	$2y$13$YScZXBbqniwC0EKVcCdK3ei8VDErX43c88hWThIxV4k/uh8gErYz2	active	ziga bistrot				\N	verona	0	verona
84	sostansa	["ROLE_CUSTOMER"]	$2y$13$7nLlNB.6JTafynXSraz32uKDVmQjNhNrjPJ0.0G7OrI6rwP9OR3a2	active	sostansa/stefano sacilotto				\N	friuli	0	pordenone
26	da boschet	["ROLE_CUSTOMER"]	$2y$13$2D5lRsHWsC3BLuV8ZaJnb.go7CPgdWDb5etRwQ5DLtyNJGj8NjNum	active	da boschet				\N	friuli	0	lignano
10	enoteca contemporanea	["ROLE_CUSTOMER"]	$2y$13$79prSG.KcXN15yuKYhsHpOA5cWN4QLTmSHXWLhfdxvwRBjX7nm7Su	active	enoteca contemporanea				\N	feltre	0	feltre
5	cantiere del gusto	["ROLE_CUSTOMER"]	$2y$13$S//jwr6YBnw0Wezr4SiyVeHLWqXcbcU6fyg3bDif/Y21pTTHhmMiG	active	cantiere del gusto				\N	belluno	0	belluno
43	al goto/per bacco	["ROLE_CUSTOMER"]	$2y$13$/arTBgF.KMQMaYKEJPZBlOyjvY98NlqdpErOQbrXAPl4TcqgtSMo2	active	al goto/per bacco				\N	belluno	0	belluno
51	borgo luce	["ROLE_CUSTOMER"]	$2y$13$ssTyjz20CRLO46tT2tmk9eKVrqSNC0h4r1ZuR/4oMsN6rtRo1UaQi	active	borgo luce				\N	conegliano	0	conegliano
78	gabri per giorik	["ROLE_CUSTOMER"]	$2y$13$wBgtEtP9StpNDqlteChSse2ZeAPMTgea8twEdi/mE0aSeDZMdA0D2	active	gabri per giorik				\N	feltre	0	feltre
88	c naonis	["ROLE_CUSTOMER"]	$2y$13$w3cymAbbFnN323JiQsn5sOYT9dEHpr69Y.LITcCAodZnmnsaUFW/K	active	c naonis/lot luca				\N	friuli	0	pordenone
96	rust	["ROLE_CUSTOMER"]	$2y$13$7HiO7McJICIgz1f2lgdjGe0vzaEyeBN/V2xdHFmjx4n4Ag2qN/KMS	active	rust				\N	friuli	0	portogruaro
95	carpacceria	["ROLE_CUSTOMER"]	$2y$13$Uf0Ut9C4TBEiBcNkQ/frZ.1m7BKLYcupfyiFKXya/htlUpmq0PXbu	active	carpacceria				\N	friuli	0	porcia
97	san martino	["ROLE_CUSTOMER"]	$2y$13$yRrXXqWRVQXosKVO092Pvel6fI/Ef7MXaZLgw5yUcdGMPauYeAk.i	active	san martino				\N	treviso	0	treviso
94	le macine	["ROLE_CUSTOMER"]	$2y$13$o3IMKFz/i2PGnQY9/xw7BewkM0lxeO9Vl3E1zMj7uSRVMHtAEwAWS	active	le macine/ resort del favero				\N	conegliano	0	vittorio veneto
\.


--
-- Name: activity_id_seq; Type: SEQUENCE SET; Schema: public; Owner: -
--

SELECT pg_catalog.setval('public.activity_id_seq', 142, true);


--
-- Name: delivery_id_seq; Type: SEQUENCE SET; Schema: public; Owner: -
--

SELECT pg_catalog.setval('public.delivery_id_seq', 383, true);


--
-- Name: delivery_product_id_seq; Type: SEQUENCE SET; Schema: public; Owner: -
--

SELECT pg_catalog.setval('public.delivery_product_id_seq', 4745, true);


--
-- Name: horder_id_seq; Type: SEQUENCE SET; Schema: public; Owner: -
--

SELECT pg_catalog.setval('public.horder_id_seq', 1, false);


--
-- Name: log_id_seq; Type: SEQUENCE SET; Schema: public; Owner: -
--

SELECT pg_catalog.setval('public.log_id_seq', 726, true);


--
-- Name: product_id_seq; Type: SEQUENCE SET; Schema: public; Owner: -
--

SELECT pg_catalog.setval('public.product_id_seq', 37, true);


--
-- Name: step_id_seq; Type: SEQUENCE SET; Schema: public; Owner: -
--

SELECT pg_catalog.setval('public.step_id_seq', 100, true);


--
-- Name: suspension_id_seq; Type: SEQUENCE SET; Schema: public; Owner: -
--

SELECT pg_catalog.setval('public.suspension_id_seq', 1, false);


--
-- Name: user_id_seq; Type: SEQUENCE SET; Schema: public; Owner: -
--

SELECT pg_catalog.setval('public.user_id_seq', 97, true);


--
-- Name: activity activity_pkey; Type: CONSTRAINT; Schema: public; Owner: -
--

ALTER TABLE ONLY public.activity
    ADD CONSTRAINT activity_pkey PRIMARY KEY (id);


--
-- Name: delivery delivery_pkey; Type: CONSTRAINT; Schema: public; Owner: -
--

ALTER TABLE ONLY public.delivery
    ADD CONSTRAINT delivery_pkey PRIMARY KEY (id);


--
-- Name: delivery_product delivery_product_pkey; Type: CONSTRAINT; Schema: public; Owner: -
--

ALTER TABLE ONLY public.delivery_product
    ADD CONSTRAINT delivery_product_pkey PRIMARY KEY (id);


--
-- Name: doctrine_migration_versions doctrine_migration_versions_pkey; Type: CONSTRAINT; Schema: public; Owner: -
--

ALTER TABLE ONLY public.doctrine_migration_versions
    ADD CONSTRAINT doctrine_migration_versions_pkey PRIMARY KEY (version);


--
-- Name: horder horder_pkey; Type: CONSTRAINT; Schema: public; Owner: -
--

ALTER TABLE ONLY public.horder
    ADD CONSTRAINT horder_pkey PRIMARY KEY (id);


--
-- Name: log log_pkey; Type: CONSTRAINT; Schema: public; Owner: -
--

ALTER TABLE ONLY public.log
    ADD CONSTRAINT log_pkey PRIMARY KEY (id);


--
-- Name: product product_pkey; Type: CONSTRAINT; Schema: public; Owner: -
--

ALTER TABLE ONLY public.product
    ADD CONSTRAINT product_pkey PRIMARY KEY (id);


--
-- Name: step step_pkey; Type: CONSTRAINT; Schema: public; Owner: -
--

ALTER TABLE ONLY public.step
    ADD CONSTRAINT step_pkey PRIMARY KEY (id);


--
-- Name: suspension suspension_pkey; Type: CONSTRAINT; Schema: public; Owner: -
--

ALTER TABLE ONLY public.suspension
    ADD CONSTRAINT suspension_pkey PRIMARY KEY (id);


--
-- Name: user user_pkey; Type: CONSTRAINT; Schema: public; Owner: -
--

ALTER TABLE ONLY public."user"
    ADD CONSTRAINT user_pkey PRIMARY KEY (id);


--
-- Name: idx_3781ec109395c3f3; Type: INDEX; Schema: public; Owner: -
--

CREATE INDEX idx_3781ec109395c3f3 ON public.delivery USING btree (customer_id);


--
-- Name: idx_43b9fe3c4584665a; Type: INDEX; Schema: public; Owner: -
--

CREATE INDEX idx_43b9fe3c4584665a ON public.step USING btree (product_id);


--
-- Name: idx_666e48114584665a; Type: INDEX; Schema: public; Owner: -
--

CREATE INDEX idx_666e48114584665a ON public.horder USING btree (product_id);


--
-- Name: idx_82af0500f3e2c918; Type: INDEX; Schema: public; Owner: -
--

CREATE INDEX idx_82af0500f3e2c918 ON public.suspension USING btree (prisoner_id);


--
-- Name: idx_8f3f68c5a76ed395; Type: INDEX; Schema: public; Owner: -
--

CREATE INDEX idx_8f3f68c5a76ed395 ON public.log USING btree (user_id);


--
-- Name: idx_ac74095a12136921; Type: INDEX; Schema: public; Owner: -
--

CREATE INDEX idx_ac74095a12136921 ON public.activity USING btree (delivery_id);


--
-- Name: idx_ac74095a73b21e9c; Type: INDEX; Schema: public; Owner: -
--

CREATE INDEX idx_ac74095a73b21e9c ON public.activity USING btree (step_id);


--
-- Name: idx_ac74095ac00d111a; Type: INDEX; Schema: public; Owner: -
--

CREATE INDEX idx_ac74095ac00d111a ON public.activity USING btree (executer_id);


--
-- Name: idx_d954bb7312136921; Type: INDEX; Schema: public; Owner: -
--

CREATE INDEX idx_d954bb7312136921 ON public.delivery_product USING btree (delivery_id);


--
-- Name: idx_d954bb734584665a; Type: INDEX; Schema: public; Owner: -
--

CREATE INDEX idx_d954bb734584665a ON public.delivery_product USING btree (product_id);


--
-- Name: step_name_product; Type: INDEX; Schema: public; Owner: -
--

CREATE UNIQUE INDEX step_name_product ON public.step USING btree (name, product_id);


--
-- Name: user_username; Type: INDEX; Schema: public; Owner: -
--

CREATE UNIQUE INDEX user_username ON public."user" USING btree (username);


--
-- Name: delivery fk_3781ec109395c3f3; Type: FK CONSTRAINT; Schema: public; Owner: -
--

ALTER TABLE ONLY public.delivery
    ADD CONSTRAINT fk_3781ec109395c3f3 FOREIGN KEY (customer_id) REFERENCES public."user"(id);


--
-- Name: step fk_43b9fe3c4584665a; Type: FK CONSTRAINT; Schema: public; Owner: -
--

ALTER TABLE ONLY public.step
    ADD CONSTRAINT fk_43b9fe3c4584665a FOREIGN KEY (product_id) REFERENCES public.product(id);


--
-- Name: horder fk_666e48114584665a; Type: FK CONSTRAINT; Schema: public; Owner: -
--

ALTER TABLE ONLY public.horder
    ADD CONSTRAINT fk_666e48114584665a FOREIGN KEY (product_id) REFERENCES public.product(id);


--
-- Name: suspension fk_82af0500f3e2c918; Type: FK CONSTRAINT; Schema: public; Owner: -
--

ALTER TABLE ONLY public.suspension
    ADD CONSTRAINT fk_82af0500f3e2c918 FOREIGN KEY (prisoner_id) REFERENCES public."user"(id);


--
-- Name: log fk_8f3f68c5a76ed395; Type: FK CONSTRAINT; Schema: public; Owner: -
--

ALTER TABLE ONLY public.log
    ADD CONSTRAINT fk_8f3f68c5a76ed395 FOREIGN KEY (user_id) REFERENCES public."user"(id);


--
-- Name: activity fk_ac74095a12136921; Type: FK CONSTRAINT; Schema: public; Owner: -
--

ALTER TABLE ONLY public.activity
    ADD CONSTRAINT fk_ac74095a12136921 FOREIGN KEY (delivery_id) REFERENCES public.delivery(id);


--
-- Name: activity fk_ac74095a73b21e9c; Type: FK CONSTRAINT; Schema: public; Owner: -
--

ALTER TABLE ONLY public.activity
    ADD CONSTRAINT fk_ac74095a73b21e9c FOREIGN KEY (step_id) REFERENCES public.step(id);


--
-- Name: activity fk_ac74095ac00d111a; Type: FK CONSTRAINT; Schema: public; Owner: -
--

ALTER TABLE ONLY public.activity
    ADD CONSTRAINT fk_ac74095ac00d111a FOREIGN KEY (executer_id) REFERENCES public."user"(id);


--
-- Name: delivery_product fk_d954bb7312136921; Type: FK CONSTRAINT; Schema: public; Owner: -
--

ALTER TABLE ONLY public.delivery_product
    ADD CONSTRAINT fk_d954bb7312136921 FOREIGN KEY (delivery_id) REFERENCES public.delivery(id);


--
-- Name: delivery_product fk_d954bb734584665a; Type: FK CONSTRAINT; Schema: public; Owner: -
--

ALTER TABLE ONLY public.delivery_product
    ADD CONSTRAINT fk_d954bb734584665a FOREIGN KEY (product_id) REFERENCES public.product(id);


--
-- PostgreSQL database dump complete
--

